"key","en","es","nl","fr"
about:about_text,"This portal centralises all building information for property owners at Mirador del Mar in Palomares.","Este portal reúne toda la información sobre el edificio destinada a los propietarios de Mirador del Mar, en Palomares.","Via dit portaal hebben eigenaren van woningen in Mirador del Mar in Palomares toegang tot alle gebouwinformatie op één plek.","Ce portail regroupe toutes les informations relatives aux immeubles destinées aux propriétaires du Mirador del Mar à Palomares."
about:about_title,"About Mirador del Mar","Acerca de Mirador del Mar","Over Mirador del Mar","À propos de Mirador del Mar"
about:nav_about,"About","Acerca de","Over","À propos"
about:nav_contacts,"Contacts","Contactos","Contactpersonen","Contacts"
about:nav_documents,"Documents","Documentos","Documenten","Documents"
about:nav_electricity,"Electricity","Electricidad","Elektriciteit","Électricité"
about:nav_elevator,"Elevator","Ascensor","Lift","Ascenseur"
about:nav_emergency,"Emergency","Emergencia","Noodsituatie","Urgence"
about:nav_garage,"Garage & Gate","Garaje y puerta","Garage &amp; Poort","Garage et portail"
about:nav_garden,"Garden & Irrigation","Jardinería y riego","Tuin &amp; Irrigatie","Jardin et arrosage"
about:nav_home,"Home","Inicio","Home","Accueil"
about:nav_insurance,"Insurance","Seguros","Verzekering","Assurance"
about:nav_internet,"Internet","Internet","Internet","Internet"
about:nav_keys,"Technical Room Keys","Claves técnicas de la sala","Sleutels voor technische ruimtes","Clés des locaux techniques"
about:nav_maintenance,"Maintenance","Mantenimiento","Onderhoud","Maintenance"
about:nav_water,"Water","Agua","Water","Eau"
about:title,"Mirador del Mar – Palomares","Mirador del Mar – Palomares","Mirador del Mar – Palomares","Mirador del Mar – Palomares"
contacts:contacts_admin_email_label,"Email:","Correo electrónico:","E-mail:","E-mail :"
contacts:contacts_admin_name,"Aguamarina Fincas Administracion","Aguamarina Fincas Administración","Aguamarina Fincas Administracion","Aguamarina Fincas Administration"
contacts:contacts_admin_phone_label,"Phone:","Teléfono:","Telefoon:","Téléphone :"
contacts:contacts_admin_region,"Levante Almeriense (Palomares, Vera, Garrucha, Mojácar)","Levante Almeriense (Palomares, Vera, Garrucha, Mojácar)","Levante Almeriense (Palomares, Vera, Garrucha, Mojácar)","Levante Almeriense (Palomares, Vera, Garrucha, Mojácar)"
contacts:contacts_admin_region_label,"Service Region:","Área de cobertura:","Servicegebied:","Zone d&#x27;intervention :"
contacts:contacts_admin_section_title,"1. Property Administration","1. Administración de inmuebles","1. Vastgoedbeheer","1. Gestion immobilière"
contacts:contacts_keyholders_section_title,"2. On-Site Key Holders & Management","2. Responsables de las llaves y gestión in situ","2. Sleutelbeheerders en beheer ter plaatse","2. Responsables des clés et gestion sur site"
contacts:contacts_subtitle,"Professional administration, key holders, and local emergency contacts.","Administración profesional, personas encargadas de las llaves y contactos locales para emergencias.","Professioneel beheer, sleutelbeheerders en lokale contactpersonen voor noodgevallen.","Administration professionnelle, personnes chargées des clés et contacts d&#x27;urgence locaux."
contacts:contacts_title,"Important Contacts","Contactos importantes","Belangrijke contactpersonen","Contacts importants"
contacts:keys_manager_contact_francisca,"Key Holder All Rooms/ All Cabinets (App 3A/4A - Francisca): +34 677 549 202 (WhatsApp only)","Responsable de las llaves de todas las habitaciones y todos los armarios (App 3A/4A - Francisca): +34 677 549 202 (solo WhatsApp)","Sleutelbeheerder alle kamers/alle kasten (App 3A/4A - Francisca): +34 677 549 202 (alleen via WhatsApp)","Responsable des clés de toutes les chambres et de toutes les armoires (App. 3A/4A - Francisca) : +34 677 549 202 (WhatsApp uniquement)"
contacts:keys_manager_contact_rudi,"Key Holder Telecom Room(App 3B - Rudi): +32 488 421 402","Responsable de las llaves de la sala de telecomunicaciones (Anexo 3B - Rudi): +32 488 421 402","Contactpersoon telecomruimte (App 3B - Rudi): +32 488 421 402","Responsable des clés de la salle des télécommunications (App 3B - Rudi) : +32 488 421 402"
contacts:nav_about,"About","Acerca de","Over","À propos"
contacts:nav_contacts,"Contacts","Contactos","Contactpersonen","Contacts"
contacts:nav_documents,"Documents","Documentos","Documenten","Documents"
contacts:nav_electricity,"Electricity","Electricidad","Elektriciteit","Électricité"
contacts:nav_elevator,"Elevator","Ascensor","Lift","Ascenseur"
contacts:nav_emergency,"Emergency","Emergencia","Noodsituatie","Urgence"
contacts:nav_garage,"Garage & Gate","Garaje y puerta","Garage &amp; Poort","Garage et portail"
contacts:nav_garden,"Garden & Irrigation","Jardinería y riego","Tuin &amp; Irrigatie","Jardin et arrosage"
contacts:nav_home,"Home","Inicio","Home","Accueil"
contacts:nav_insurance,"Insurance","Seguros","Verzekering","Assurance"
contacts:nav_internet,"Internet","Internet","Internet","Internet"
contacts:nav_keys,"Technical Room Keys","Claves técnicas de la sala","Sleutels voor technische ruimtes","Clés techniques des salles"
contacts:nav_maintenance,"Maintenance","Mantenimiento","Onderhoud","Maintenance"
contacts:nav_water,"Water","Agua","Water","Eau"
contacts:title,"Mirador del Mar – Palomares","Mirador del Mar – Palomares","Mirador del Mar – Palomares","Mirador del Mar – Palomares"
documents:doc_en,"Common Area Rules – Residence (EN)","Normas de las zonas comunes – Residencia (EN)","Regels voor de gemeenschappelijke ruimtes – Wooncomplex (EN)","Règlement relatif aux espaces communs – Résidence (EN)"
documents:doc_es,"Reglamento de zonas comunes – Residencia (ES)","Reglamento de zonas comunes – Residencia (ES)","Reglement voor gemeenschappelijke ruimtes – Residentie (ES)","Règlement relatif aux parties communes – Résidence (ES)"
documents:doc_fr,"Règlement des parties communes – Résidence (FR)","Normas de uso de las zonas comunes – Residencia (FR)","Reglement voor de gemeenschappelijke ruimtes – Wooncomplex (FR)","Règlement relatif aux parties communes – Résidence (FR)"
documents:doc_nl,"Reglement gemeenschappelijke delen – Residentie (NL)","Normas de uso de las zonas comunes – Residencia (NL)","Reglement gemeenschappelijke ruimten – Residentie (NL)","Règlement relatif aux parties communes – Résidence (NL)"
documents:documents_text,"Draft regulations ready for review and discussion at the upcoming owners' meeting.","El borrador del reglamento está listo para su revisión y debate en la próxima reunión de propietarios.","Ontwerpreglementen die klaar zijn voor beoordeling en bespreking tijdens de komende eigenaarsvergadering.","Les projets de règlement sont prêts à être examinés et discutés lors de la prochaine assemblée des propriétaires."
documents:documents_title,"Building Rules & Proposals","Normas y propuestas del edificio","Gebouwregels en voorstellen","Règlement intérieur et propositions"
documents:nav_about,"About","Acerca de","Over","À propos"
documents:nav_contacts,"Contacts","Contactos","Contactpersonen","Contacts"
documents:nav_documents,"Documents","Documentos","Documenten","Documents"
documents:nav_electricity,"Electricity","Electricidad","Elektriciteit","Électricité"
documents:nav_elevator,"Elevator","Ascensor","Lift","Ascenseur"
documents:nav_emergency,"Emergency","Emergencia","Noodsituatie","Urgence"
documents:nav_garage,"Garage & Gate","Garaje y verja","Garage &amp; Poort","Garage et portail"
documents:nav_garden,"Garden & Irrigation","Jardinería y riego","Tuin &amp; Irrigatie","Jardin et arrosage"
documents:nav_home,"Home","Inicio","Home","Accueil"
documents:nav_insurance,"Insurance","Seguros","Verzekering","Assurance"
documents:nav_internet,"Internet","Internet","Internet","Internet"
documents:nav_keys,"Technical Room Keys","Claves técnicas de la sala","Sleutels voor technische ruimtes","Clés des salles techniques"
documents:nav_maintenance,"Maintenance","Mantenimiento","Onderhoud","Maintenance"
documents:nav_water,"Water","Agua","Water","Eau"
documents:title,"Mirador del Mar – Palomares","Mirador del Mar – Palomares","Mirador del Mar – Palomares","Mirador del Mar – Palomares"
electricity:elec_cabinet_loc_label,"Location:","Ubicación:","Locatie:","Lieu :"
electricity:elec_cabinet_loc_value,"Outdoor, located at the entrance to the underground car park on the right-hand side.","Al aire libre, situado a la derecha, a la entrada del aparcamiento subterráneo.","Buiten, aan de rechterkant bij de ingang van de ondergrondse parkeergarage.","À l&#x27;extérieur, situé à l&#x27;entrée du parking souterrain, sur la droite."
electricity:elec_cabinet_title,"Main Electrical Cabinet & Smart Meters","Armario eléctrico principal y contadores inteligentes","Hoofdschakelkast en slimme meters","Armoire électrique principale et compteurs intelligents"
electricity:elec_garage_desc,"This control box governs multiple communal garage and pool systems:","Esta caja de control gestiona varios sistemas comunes del garaje y la piscina:","Deze schakelkast regelt diverse gemeenschappelijke garage- en zwembadsystemen:","Ce boîtier de commande gère plusieurs installations communes du garage et de la piscine :"
electricity:elec_garage_gate,"Garage Entrance Gate (Puerta): Circuit controlling the motorized vehicle access gate at the front of the garage.","Puerta de entrada al garaje: Circuito que controla la puerta motorizada de acceso para vehículos situada en la parte delantera del garaje.","Garagetoegangspoort (Puerta): Schakeling voor de bediening van de gemotoriseerde toegangspoort aan de voorkant van de garage.","Portail d&#x27;entrée du garage (Puerta) : circuit commandant le portail motorisé d&#x27;accès aux véhicules situé à l&#x27;avant du garage."
electricity:elec_garage_lights,"Garage Lighting (Alumbrado): Circuit supplying the illumination for the underground car park spaces and corridors.","Iluminación del garaje (Alumbrado): Circuito que alimenta la iluminación de las plazas y los pasillos del aparcamiento subterráneo.","Garageverlichting (Alumbrado): Stroomkring die de verlichting van de parkeerplaatsen en gangen in de ondergrondse parkeergarage van stroom voorziet.","Éclairage du garage (Alumbrado) : circuit alimentant l&#x27;éclairage des places de stationnement et des couloirs du parking souterrain."
electricity:elec_garage_loc_label,"Location:","Ubicación:","Locatie:","Lieu :"
electricity:elec_garage_loc_value,"Underground car park (basement level -1), in the corridor leading to the lift.","Aparcamiento subterráneo (planta -1), en el pasillo que lleva al ascensor.","Ondergrondse parkeergarage (kelderverdieping -1), in de gang die naar de lift leidt.","Parking souterrain (niveau -1), dans le couloir menant à l&#x27;ascenseur."
electricity:elec_garage_title,"Garage Electrical Panel & Swimming Pool Pumps","Cuadro eléctrico del garaje y bombas de la piscina","Elektriciteitskast in de garage en zwembadpompen","Tableau électrique du garage et pompes de piscine"
electricity:elec_main_desc_label,"Description:","Descripción:","Beschrijving:","Description :"
electricity:elec_main_desc_value,"The building's main switch / general interruptor serving all 13 apartments. This is a critical safety component and must be used correctly.","El interruptor principal del edificio, que da servicio a los 13 apartamentos. Se trata de un componente de seguridad fundamental y debe utilizarse correctamente.","De hoofdschakelaar van het gebouw, die alle 13 appartementen van stroom voorziet. Dit is een cruciaal veiligheidsonderdeel en moet op de juiste manier worden gebruikt.","L&#x27;interrupteur principal / interrupteur général de l&#x27;immeuble, qui alimente les 13 appartements. Il s&#x27;agit d&#x27;un élément de sécurité essentiel qui doit être utilisé correctement."
electricity:elec_main_fire_li1,"Fire in the technical room","Incendio en la sala técnica","Brand in de technische ruimte","Incendie dans la salle technique"
electricity:elec_main_fire_li2,"Fire in common areas","Incendio en las zonas comunes","Brand in de gemeenschappelijke ruimtes","Incendie dans les parties communes"
electricity:elec_main_fire_li3,"Short circuit with danger of electrocution","Cortocircuito con riesgo de electrocución","Kortsluiting met gevaar voor elektrische schokken","Court-circuit présentant un risque d&#x27;électrocution"
electricity:elec_main_fire_li4,"Water leakage in electrical shafts","Fugas de agua en los pozos eléctricos","Waterlekkage in elektriciteitsschachten","Fuites d&#x27;eau dans les gaines électriques"
electricity:elec_main_fire_li5,"Smoke development in the main cable","Formación de humo en el cable principal","Rookontwikkeling in de hoofdkabel","Formation de fumée dans le câble principal"
electricity:elec_main_hazard_li1,"Electrician","Electricista","Elektricien","Électricien"
electricity:elec_main_hazard_li2,"Technical service / maintenance","Servicio técnico / mantenimiento","Technische dienst / onderhoud","Service technique / maintenance"
electricity:elec_main_hazard_li3,"Fire department","Cuerpo de bomberos","Brandweer","Service des pompiers"
electricity:elec_main_hazard_li4,"Syndic / building management (if authorized)","Comunidad de propietarios / administración de fincas (si está autorizado)","Syndicus / gebouwbeheer (indien daartoe bevoegd)","Syndic / gestion immobilière (si autorisé)"
electricity:elec_main_not_li1,"NOT for minor problems in an individual apartment","NO para problemas menores en un piso concreto","NIET voor kleine problemen in een afzonderlijk appartement","NE S&#x27;APPLIQUE PAS aux problèmes mineurs survenant dans un appartement particulier"
electricity:elec_main_not_li2,"NOT to reset a personal/individual fuse","NO reiniciar un fusible personal o individual","Een persoonlijke/individuele zekering NIET resetten","NE PAS réarmer un fusible personnel/individuel"
electricity:elec_main_not_li3,"NOT by residents to “just turn off the power”","NO por parte de los vecinos para «simplemente cortar la luz»","NIET door bewoners om “gewoon de stroom uit te schakelen”","PAS par les habitants pour « simplement couper le courant »"
electricity:elec_main_not_li4,"NOT for maintenance of private installations","NO apto para el mantenimiento de instalaciones privadas","NIET bedoeld voor het onderhoud van particuliere installaties","NE PAS utiliser pour l&#x27;entretien d&#x27;installations privées"
electricity:elec_main_not_note,"Shutting down this switch shuts down the entire building: lifts, water pumps, lighting, garages, telecom, everything.","Si se apaga este interruptor, se apaga todo el edificio: ascensores, bombas de agua, iluminación, garajes, telecomunicaciones, todo.","Als je deze schakelaar uitschakelt, valt het hele gebouw uit: liften, waterpompen, verlichting, garages, telecommunicatie, alles.","Si l&#x27;on coupe ce commutateur, tout le bâtiment s&#x27;arrête : ascenseurs, pompes à eau, éclairage, garages, télécommunications, tout."
electricity:elec_main_not_title,"When should this switch NOT be used? (Strictly Prohibited for Residents)","¿Cuándo NO se debe utilizar este interruptor? (Queda estrictamente prohibido para los residentes)","Wanneer mag deze schakelaar NIET worden gebruikt? (Ten strengste verboden voor bewoners)","Dans quels cas ne faut-il PAS utiliser cet interrupteur ? (Strictement interdit aux résidents)"
electricity:elec_main_title,"Building Main Switch / Master Breaker (13 Apartments)","Interruptor principal del edificio / Interruptor general (13 apartamentos)","Hoofdschakelaar van het gebouw / hoofdstroomonderbreker (13 appartementen)","Interrupteur principal du bâtiment / Disjoncteur principal (13 appartements)"
electricity:elec_main_what_text,"This is the general switch (interruptor general) of the building. It shuts off all power supply to the entire building in a single movement. It is not a standard fuse, but a mechanical master breaker.","Este es el interruptor general del edificio. Corta el suministro eléctrico de todo el edificio de un solo movimiento. No se trata de un fusible estándar, sino de un interruptor principal mecánico.","Dit is de hoofdschakelaar (interruptor general) van het gebouw. Hiermee wordt met één handeling de stroomtoevoer naar het hele gebouw uitgeschakeld. Het is geen standaardzekering, maar een mechanische hoofdschakelaar.","Il s&#x27;agit de l&#x27;interrupteur général (interrupteur principal) du bâtiment. Il coupe l&#x27;alimentation électrique de l&#x27;ensemble du bâtiment d&#x27;un seul geste. Il ne s&#x27;agit pas d&#x27;un fusible standard, mais d&#x27;un disjoncteur principal mécanique."
electricity:elec_main_what_title,"What is this exactly?","¿Qué es esto exactamente?","Wat is dit precies?","Qu&#x27;est-ce que c&#x27;est exactement ?"
electricity:elec_main_when_li1_text,"The main switch is used exclusively when the fire brigade or an authorized technician must completely cut off the power to work safely. Examples include:","El interruptor principal se utiliza exclusivamente cuando los bomberos o un técnico autorizado deben cortar por completo el suministro eléctrico para poder trabajar con seguridad. Algunos ejemplos son:","De hoofdschakelaar wordt uitsluitend gebruikt wanneer de brandweer of een bevoegde technicus de stroomtoevoer volledig moet uitschakelen om veilig te kunnen werken. Voorbeelden hiervan zijn:","L&#x27;interrupteur principal est utilisé exclusivement lorsque les pompiers ou un technicien habilité doivent couper complètement l&#x27;alimentation électrique pour pouvoir intervenir en toute sécurité. Voici quelques exemples :"
electricity:elec_main_when_li1_title,"In case of fire (Fire department / emergency):","En caso de incendio (Bomberos / Emergencias):","In geval van brand (brandweer / noodhulp):","En cas d&#x27;incendie (pompiers / urgences) :"
electricity:elec_main_when_li2_title,"Severe electrical hazards (Authorized persons only):","Riesgos eléctricos graves (solo para personal autorizado):","Ernstige elektrische gevaren (alleen voor bevoegde personen):","Risques électriques graves (réservé aux personnes habilitées) :"
electricity:elec_main_when_title,"When must this main switch be operated?","¿Cuándo hay que accionar este interruptor principal?","Wanneer moet deze hoofdschakelaar worden bediend?","Quand faut-il actionner cet interrupteur principal ?"
electricity:elec_main_who_electrician,"Qualified Electricians: Only during serious electrical risks, main line maintenance, or main distributor inspections.","Electricistas cualificados: únicamente en caso de riesgos eléctricos graves, mantenimiento de la línea principal o inspecciones del cuadro de distribución principal.","Gekwalificeerde elektriciens: Alleen bij ernstige elektrische risico’s, onderhoud aan de hoofdleiding of inspecties van de hoofdverdeelkast.","Électriciens qualifiés : uniquement en cas de risques électriques graves, d&#x27;entretien de la ligne principale ou d&#x27;inspections du tableau de distribution principal."
electricity:elec_main_who_fire,"Fire Department: Always authorized to shut it off for safety during emergencies.","Cuerpo de Bomberos: Siempre está autorizado a cortarlo por motivos de seguridad en caso de emergencia.","Brandweer: heeft altijd het recht om de toevoer uit veiligheidsoverwegingen af te sluiten in noodsituaties.","Service des pompiers : toujours habilité à couper l&#x27;alimentation pour des raisons de sécurité en cas d&#x27;urgence."
electricity:elec_main_who_residents,"Residents: NOT AUTHORIZED. Operating this switch by residents can cause property damage, trap lift users, shut down water pumps, interrupt safety systems, and lead to legal liability.","Residentes: NO AUTORIZADO. El uso de este interruptor por parte de los residentes puede provocar daños materiales, dejar atrapados a los usuarios del ascensor, apagar las bombas de agua, interrumpir el funcionamiento de los sistemas de seguridad y dar lugar a responsabilidades legales.","Bewoners: NIET TOEGESTAAN. Het bedienen van deze schakelaar door bewoners kan leiden tot materiële schade, gebruikers van de lift vastzetten, waterpompen uitschakelen, veiligheidssystemen verstoren en juridische aansprakelijkheid tot gevolg hebben.","Résidents : INTERDIT. L&#x27;utilisation de cet interrupteur par les résidents peut causer des dégâts matériels, bloquer les usagers des ascenseurs, arrêter les pompes à eau, perturber le fonctionnement des systèmes de sécurité et engager leur responsabilité civile."
electricity:elec_main_who_syndic,"Syndic / Building Management: Sometimes authorized, strictly if stipulated in the internal building regulations.","Comunidad de propietarios / Administración del edificio: En ocasiones está permitido, siempre y cuando así lo estipule el reglamento interno del edificio.","Syndicus / Gebouwbeheer: Soms toegestaan, maar uitsluitend indien dit in het interne reglement van het gebouw is vastgelegd.","Syndic / Gestion immobilière : parfois autorisé, mais uniquement si cela est prévu dans le règlement intérieur de l&#x27;immeuble."
electricity:elec_main_who_title,"Who is authorized to operate this switch?","¿Quién está autorizado a accionar este interruptor?","Wie is bevoegd om deze schakelaar te bedienen?","Qui est habilité à actionner cet interrupteur ?"
electricity:elec_meters_apt_desc,"These are the individual consumption meters:","Estos son los contadores de consumo individuales:","Dit zijn de afzonderlijke verbruiksmeter:","Voici les compteurs de consommation individuels :"
electricity:elec_meters_apt_li1,"They measure only the consumption of each individual apartment.","Solo miden el consumo de cada piso en particular.","Ze meten uitsluitend het verbruik van elk afzonderlijk appartement.","Ils mesurent uniquement la consommation de chaque appartement."
electricity:elec_meters_apt_li2,"They are used for billing per owner or resident.","Se utilizan para la facturación por propietario o residente.","Ze worden gebruikt voor de facturering per eigenaar of bewoner.","Ils servent à établir la facturation par propriétaire ou par résident."
electricity:elec_meters_apt_li3,"They record kWh, peak/off-peak rates, and communicate via PRIME or PLC.","Registran los kWh y las tarifas de hora punta y hora valle, y se comunican a través de PRIME o PLC.","Ze registreren het verbruik in kWh en de piek- en dal-tarieven, en communiceren via PRIME of PLC.","Ils enregistrent la consommation en kWh, les tarifs en heures pleines et en heures creuses, et communiquent via PRIME ou PLC."
electricity:elec_meters_apt_li4,"They are typically single-phase or three-phase depending on the apartment specs.","Suelen ser monofásicos o trifásicos, dependiendo de las características del piso.","Afhankelijk van de specificaties van het appartement zijn ze doorgaans eenfasig of driefasig.","Ils sont généralement monophasés ou triphasés, selon les caractéristiques techniques de l&#x27;appartement."
electricity:elec_meters_apt_note,"Standard practice in any apartment building: 1 meter per home.","Práctica habitual en cualquier edificio de viviendas: 1 metro por vivienda.","Gangbare praktijk in elk appartementencomplex: 1 meter per woning.","Pratique courante dans tout immeuble : 1 mètre par logement."
electricity:elec_meters_apt_title,"1. The 13 small meters – one per apartment","1. Los 13 contadores pequeños: uno por piso","1. De 13 kleine meters – één per appartement","1. Les 13 petits compteurs – un par appartement"
electricity:elec_meters_overview_desc,"This building features three different types of digital electricity meters across the installation, split into individual apartments and shared services.","Este edificio cuenta con tres tipos diferentes de contadores eléctricos digitales repartidos por toda la instalación, divididos entre los pisos individuales y los servicios comunes.","In dit gebouw zijn in de hele installatie drie verschillende soorten digitale elektriciteitsmeters aanwezig, verdeeld over de afzonderlijke appartementen en de gemeenschappelijke voorzieningen.","Ce bâtiment est équipé de trois types différents de compteurs électriques numériques répartis dans l&#x27;ensemble de l&#x27;installation, entre les appartements individuels et les parties communes."
electricity:elec_meters_overview_title,"Technical Overview: Explanation of Meter Types","Descripción técnica: Explicación de los tipos de contadores","Technisch overzicht: Uitleg over de verschillende soorten meters","Présentation technique : explication des différents types de compteurs"
electricity:elec_meters_shared_a_intro,"Measures the consumption of:","Mide el consumo de:","Meet het verbruik van:","Mesure la consommation de :"
electricity:elec_meters_shared_a_li1,"Stairwell lighting","Iluminación de la escalera","Trappenhuisverlichting","Éclairage des cages d&#x27;escalier"
electricity:elec_meters_shared_a_li2,"Lifts","Ascensores","Liften","Ascenseurs"
electricity:elec_meters_shared_a_li3,"Boost pumps","Bombas de refuerzo","Verstärkerpompen","Pompes de surpression"
electricity:elec_meters_shared_a_li4,"Ventilation","Ventilación","Ventilatie","Ventilation"
electricity:elec_meters_shared_a_li5,"Emergency lighting","Iluminación de emergencia","Noodverlichting","Éclairage de secours"
electricity:elec_meters_shared_a_li6,"Automatic gates","Puertas automáticas","Automatische poorten","Portails automatiques"
electricity:elec_meters_shared_a_li7,"Garden lighting","Iluminación de jardín","Tuinverlichting","Éclairage de jardin"
electricity:elec_meters_shared_a_li8,"Technical rooms","Salas técnicas","Technische ruimtes","Locaux techniques"
electricity:elec_meters_shared_a_note,"This is the general consumption distributed via the owners' association (Comunidad de Propietarios).","Se trata del consumo general que se distribuye a través de la comunidad de propietarios.","Dit betreft de algemene kosten die via de vereniging van eigenaren (Comunidad de Propietarios) worden verrekend.","Il s&#x27;agit des charges communes gérées par l&#x27;association des copropriétaires (Comunidad de Propietarios)."
electricity:elec_meters_shared_a_title,"Large Meter A – Common Areas","Contador grande A – Zonas comunes","Grote meter A – Gemeenschappelijke ruimtes","Grand compteur A – Parties communes"
electricity:elec_meters_shared_b_intro,"Depending on the building setup, this covers:","En función de la configuración del edificio, esto incluye:","Afhankelijk van de indeling van het gebouw omvat dit:","En fonction de la configuration du bâtiment, cela comprend :"
electricity:elec_meters_shared_b_li1,"Garage power consumption (gates, lighting, ventilation)","Consumo eléctrico del garaje (puertas, iluminación, ventilación)","Stroomverbruik van de garage (poorten, verlichting, ventilatie)","Consommation électrique du garage (portails, éclairage, ventilation)"
electricity:elec_meters_shared_b_li2,"Swimming pool installation (pumps, filtration, lighting)","Instalación de piscinas (bombas, sistemas de filtración, iluminación)","Installatie van een zwembad (pompen, filtersysteem, verlichting)","Installation de piscine (pompes, système de filtration, éclairage)"
electricity:elec_meters_shared_b_li3,"Garden irrigation","Riego de jardines","Tuinirrigatie","Arrosage du jardin"
electricity:elec_meters_shared_b_li4,"Telecom / antenna / router / CCTV systems","Telecomunicaciones / antenas / routers / sistemas de videovigilancia","Telecommunicatie / antennes / routers / CCTV-systemen","Télécommunications / antennes / routeurs / systèmes de vidéosurveillance"
electricity:elec_meters_shared_b_li5,"Solar / PV feed-in (if applicable)","Alimentación de energía solar/fotovoltaica (si procede)","Teruglevering van zonne-energie / PV (indien van toepassing)","Rachat de l&#x27;électricité solaire / photovoltaïque (le cas échéant)"
electricity:elec_meters_shared_b_note,"Many buildings have two shared meters because the garage or swimming pool operates on a separate supply contract line.","Muchos edificios cuentan con dos contadores compartidos porque el garaje o la piscina funcionan con una línea de suministro independiente.","Veel gebouwen hebben twee gemeenschappelijke meters, omdat de garage of het zwembad op een aparte aansluitingslijn is aangesloten.","De nombreux bâtiments sont équipés de deux compteurs communs, car le garage ou la piscine sont alimentés par une ligne distincte dans le cadre d&#x27;un contrat d&#x27;approvisionnement séparé."
electricity:elec_meters_shared_b_title,"Large Meter B – Additional Installation (Optional)","Contador grande B – Instalación adicional (opcional)","Grote meter B – Extra installatie (optioneel)","Grand compteur B – Installation supplémentaire (en option)"
electricity:elec_meters_shared_desc,"These are not assigned to individual apartments, but serve the building as a whole:","No están asignados a apartamentos concretos, sino que dan servicio a todo el edificio:","Deze zijn niet aan afzonderlijke appartementen toegewezen, maar staan ten dienste van het gebouw als geheel:","Ces équipements ne sont pas affectés à des appartements en particulier, mais sont destinés à l&#x27;ensemble de l&#x27;immeuble :"
electricity:elec_meters_shared_title,"2. The 2 larger meters – shared utilities","2. Los dos contadores más grandes: gastos compartidos","2. De 2 grotere meters – gezamenlijke nutsvoorzieningen","2. Les deux compteurs les plus grands – charges communes"
electricity:elec_meters_summary_li1,"13 small meters: Consumption per apartment","13 contadores pequeños: consumo por piso","13 kleine meters: verbruik per appartement","13 petits compteurs : consommation par appartement"
electricity:elec_meters_summary_li2,"1 large meter: Common building areas","1 metro grande: Zonas comunes del edificio","1 grote meter: Gemeenschappelijke ruimtes in het gebouw","1 grand compteur : parties communes de l&#x27;immeuble"
electricity:elec_meters_summary_li3,"1 large meter: Garage / swimming pool / technical installations","1 contador grande: Garaje / piscina / instalaciones técnicas","1 grote meter: garage / zwembad / technische installaties","1 grand compteur : garage / piscine / installations techniques"
electricity:elec_meters_summary_title,"Summary","Resumen","Samenvatting","Résumé"
electricity:elec_meters_why_li1,"They are three-phase (400 V).","Son trifásicos (400 V).","Ze zijn driefasig (400 V).","Ils sont triphasés (400 V)."
electricity:elec_meters_why_li2,"They measure higher electrical load capacity.","Tienen una mayor capacidad de carga eléctrica.","Ze hebben een hoger elektrisch draagvermogen.","Ils offrent une capacité de charge électrique plus élevée."
electricity:elec_meters_why_li3,"They include advanced features (remote communication, load control, remote reading telemetry).","Incluyen funciones avanzadas (comunicación a distancia, control de carga, telemetría de lectura remota).","Ze beschikken over geavanceerde functies (communicatie op afstand, belastingsregeling, telemetrie voor uitlezing op afstand).","Ils intègrent des fonctionnalités avancées (communication à distance, contrôle de la charge, télémétrie avec relevé à distance)."
electricity:elec_meters_why_li4,"They are typically industrial-grade units rather than standard residential hardware.","Por lo general, se trata de unidades de grado industrial, en lugar de herrajes residenciales estándar.","Het gaat hier doorgaans om apparaten van industriële kwaliteit, in plaats van standaardapparatuur voor huishoudelijk gebruik.","Il s&#x27;agit généralement d&#x27;appareils de qualité industrielle plutôt que de matériel résidentiel standard."
electricity:elec_meters_why_title,"Why are the shared meters larger?","¿Por qué los contadores compartidos son más grandes?","Waarom zijn de gemeenschappelijke meters groter?","Pourquoi les compteurs communs sont-ils plus grands ?"
electricity:elec_panel_a_bot_header,"Bottom Row Components:","Componentes de la fila inferior:","Onderste rij:","Composants de la rangée du bas :"
electricity:elec_panel_a_depuradora,"Filtration Plant (Depuradora): Pool filtration plant / pump control circuit.","Planta de filtración (depuradora): Planta de filtración de la piscina / circuito de control de las bombas.","Filtratie-installatie (Depuradora): Filtratie-installatie voor zwembaden / regelcircuit voor de pomp.","Station de filtration (Depuradora) : station de filtration de la piscine / circuit de commande des pompes."
electricity:elec_panel_a_elevator,"Elevator (Ascensor): Elevator / lift power supply circuit (labeled on the lower frame).","Ascensor: Circuito de alimentación del ascensor (indicado en el bastidor inferior).","Lift (Ascensor): Stroomvoorzieningscircuit van de lift (aangegeven op het onderste frame).","Ascenseur (Ascensor) : circuit d&#x27;alimentation électrique de l&#x27;ascenseur (indiqué sur le châssis inférieur)."
electricity:elec_panel_a_fermax,"Intercom Power Supply (Fermax 8787): Electronic door keeper power supply unit (Alimentador Portero Electronico) providing low-voltage DC power for the building's intercom and door-release system.","Fuente de alimentación para el interfono (Fermax 8787): Fuente de alimentación para el portero electrónico que suministra corriente continua de baja tensión al sistema de interfono y apertura de puertas del edificio.","Voeding voor de intercom (Fermax 8787): Elektronische voedingseenheid voor de deuropener (Alimentador Portero Electronico) die laagspanningsgelijkstroom levert voor het intercom- en deuropeningssysteem van het gebouw.","Alimentation électrique pour interphone (Fermax 8787) : bloc d&#x27;alimentation pour portier électronique (Alimentador Portero Electronico) fournissant une alimentation en courant continu basse tension au système d&#x27;interphone et d&#x27;ouverture de porte de l&#x27;immeuble."
electricity:elec_panel_a_fountain,"Fountain (Fuente): Fountain circuit (pool water feature or decorative fountain pump).","Fuente: Circuito de la fuente (sistema de agua de la piscina o bomba de la fuente decorativa).","Fontein (Fuente): Fonteincircuit (waterpartij of pomp voor decoratieve fontein).","Fontaine (Fuente) : circuit de fontaine (jeu d&#x27;eau pour bassin ou pompe de fontaine décorative)."
electricity:elec_panel_a_laundry,"Laundry Area (Lavanderia): Laundry area circuit (supplying washing machine or communal utility outlets).","Zona de lavandería (Lavandería): Circuito de la zona de lavandería (que alimenta la lavadora o las tomas de corriente comunes).","Wasruimte (Lavanderia): Aansluitcircuit voor de wasruimte (voor de wasmachine of gemeenschappelijke stopcontacten).","Espace buanderie (Lavanderia) : circuit de l&#x27;espace buanderie (alimentant le lave-linge ou les prises électriques communes)."
electricity:elec_panel_a_lighting,"Lighting (Alumbrado): Common area lighting circuit for the internal hallways and stairwells on this floor.","Iluminación (Alumbrado): Circuito de iluminación de las zonas comunes para los pasillos y las escaleras interiores de esta planta.","Verlichting (Alumbrado): Verlichtingscircuit voor de gemeenschappelijke ruimtes, namelijk de binnengangen en trappenhuizen op deze verdieping.","Éclairage (Alumbrado) : circuit d&#x27;éclairage des parties communes pour les couloirs intérieurs et les cages d&#x27;escalier de cet étage."
electricity:elec_panel_a_loc_label,"Location:","Ubicación:","Locatie:","Lieu :"
electricity:elec_panel_a_loc_value,"Hidden behind the large poster on the wall directly in front of the entry door. Remove the poster to access the box.","Está escondida detrás del gran póster que hay en la pared, justo enfrente de la puerta de entrada. Retira el póster para acceder a la caja.","Verborgen achter de grote poster aan de muur, recht tegenover de voordeur. Haal de poster weg om bij de doos te komen.","Cachée derrière la grande affiche accrochée au mur, juste en face de la porte d&#x27;entrée. Retirez l&#x27;affiche pour accéder à la boîte."
electricity:elec_panel_a_mid_header,"Middle Row Circuit Breakdown:","Desglose del circuito de la fila central:","Overzicht van het middelste rij-circuit:","Analyse du circuit de la rangée du milieu :"
electricity:elec_panel_a_pool_lights,"Pool & Exterior Lighting (Luz Piscina / Luz Exterior): Pool lighting and outdoor perimeter lighting circuits.","Iluminación de piscina y exterior (Luz de piscina / Luz exterior): Circuitos de iluminación de la piscina y de iluminación perimetral exterior.","Zwembad- en buitenverlichting (Luz Piscina / Luz Exterior): Stroomcircuits voor zwembadverlichting en buitenverlichting rondom het terrein.","Éclairage de piscine et extérieur (Luz Piscina / Luz Exterior) : circuits d&#x27;éclairage de piscine et d&#x27;éclairage périphérique extérieur."
electricity:elec_panel_a_portero,"Intercom System (Portero): Intercom system power supply. Feeds the Fermax electronic door keeper power supply unit located directly on the right side of the bottom row.","Sistema de intercomunicación (Portero): Fuente de alimentación del sistema de intercomunicación. Alimenta la fuente de alimentación del portador electrónico Fermax, situada justo a la derecha de la fila inferior.","Intercomsysteem (Portero): Voeding voor het intercomsysteem. Voorziet de elektronische deurhouder van Fermax van stroom; deze bevindt zich direct aan de rechterkant van de onderste rij.","Système d&#x27;interphone (Portero) : alimentation électrique du système d&#x27;interphone. Alimente le bloc d&#x27;alimentation du gâche électrique Fermax situé directement à droite de la rangée du bas."
electricity:elec_panel_a_restroom_lights,"Restroom Lighting (Luz Aseos): Toilets/bathrooms lighting circuit for communal or service washrooms.","Iluminación de aseos (Luz Aseos): Circuito de iluminación para aseos o baños de uso común o de servicio.","Verlichting van sanitaire ruimtes (Luz Aseos): Verlichtingscircuit voor toiletten/badkamers in gemeenschappelijke of dienstruimtes.","Éclairage des sanitaires (Luz Aseos) : circuit d&#x27;éclairage des toilettes/salles de bains destiné aux sanitaires collectifs ou de service."
electricity:elec_panel_a_riti,"Telecommunications Infrastructure (RITI): Telecommunications infrastructure power supply (ICT / Registro de Infraestructuras de Telecomunicacion). Powers the building's central telecom and TV distribution amplifiers.","Infraestructura de telecomunicaciones (RITI): Suministro eléctrico de la infraestructura de telecomunicaciones (TIC / Registro de Infraestructuras de Telecomunicaciones). Suministra energía a los amplificadores centrales de distribución de telecomunicaciones y televisión del edificio.","Telecommunicatie-infrastructuur (RITI): Stroomvoorziening voor de telecommunicatie-infrastructuur (ICT / Registro de Infraestructuras de Telecomunicacion). Voorziet de centrale telecommunicatie- en tv-versterkers van het gebouw van stroom.","Infrastructure de télécommunications (RITI) : Alimentation électrique de l&#x27;infrastructure de télécommunications (TIC / Registre des infrastructures de télécommunications). Alimente les amplificateurs centraux de distribution des signaux de télécommunications et de télévision du bâtiment."
electricity:elec_panel_a_scope_label,"Panel Scope:","Ámbito del panel:","Toepassingsgebied van het paneel:","Portée du panel :"
electricity:elec_panel_a_scope_value,"Common Indoor Services, Telecommunications, Lighting & Pool/Utility Controls.","Servicios comunes en interiores, telecomunicaciones, iluminación y controles de piscinas y servicios públicos.","Algemene voorzieningen voor binnenruimtes, telecommunicatie, verlichting en besturing van zwembaden en nutsvoorzieningen.","Services communs en intérieur, télécommunications, éclairage et commandes de piscine/équipements techniques."
electricity:elec_panel_a_title,"First Floor Electrical Panel A","Cuadro eléctrico A de la primera planta","Elektriciteitskast A op de eerste verdieping","Tableau électrique A du premier étage"
electricity:elec_panel_a_top_header,"Top Row Circuit Breakdown:","Desglose del circuito de la fila superior:","Overzicht van de bovenste rij:","Analyse détaillée du circuit de la rangée supérieure :"
electricity:elec_panel_b_audio,"Audio & Extractor Hood (Audio / Campana): Audio systems and kitchen extractor hood circuits.","Audio y campana extractora (Audio / Campana): Circuitos de los sistemas de audio y de la campana extractora de la cocina.","Audio &amp; Afzuigkap (Audio / Campana): Audiosystemen en de bedrading van keukenafzuigkappen.","Système audio et hotte aspirante (Audio / Campana) : circuits des systèmes audio et des hottes aspirantes de cuisine."
electricity:elec_panel_b_bar_lights,"Bar Lighting / Lounge Lighting (Al. Barra / Al. Salon): Lighting circuits for the main lounge/living area.","Iluminación del bar / Iluminación del salón (Al. Barra / Al. Salón): Circuitos de iluminación para el salón principal o la zona de estar.","Barverlichting / Loungeverlichting (Al. Barra / Al. Salon): Verlichtingscircuits voor de hoofdlounge/woonruimte.","Éclairage du bar / Éclairage du salon (Al. Barra / Al. Salon) : circuits d&#x27;éclairage pour le salon principal."
electricity:elec_panel_b_bot_header,"Bottom Row Circuit Breakdown (Appliances & Heavy Loads):","Fallo en el circuito de la fila inferior (electrodomésticos y cargas pesadas):","Overbelasting van de onderste rij (huishoudelijke apparaten en zware belastingen):","Défaillance d&#x27;un disjoncteur de la rangée inférieure (appareils électroménagers et charges importantes) :"
electricity:elec_panel_b_coffee,"Coffee Machine (Cafetera): Dedicated circuit for the coffee machine or kitchen utility outlets.","Cafetera: Circuito específico para la cafetera o para las tomas de corriente de la cocina.","Koffiezetapparaat (Cafetera): Aparte stroomkring voor het koffiezetapparaat of de stopcontacten in de keuken.","Machine à café (Cafetera) : circuit dédié à la machine à café ou aux prises de courant de la cuisine."
electricity:elec_panel_b_diffs,"General Differential / Power Differential / Lighting Differential (Diferencial General / Diferencial Fuerza / Diferencial Alumbrado): Main residual current circuit breakers (RCDs) providing earth-leakage protection for general lines, power outlets, and lighting circuits.","Diferencial general / Diferencial de potencia / Diferencial de alumbrado: Interruptores diferenciales principales (RCD) que proporcionan protección contra fugas a tierra en las líneas generales, las tomas de corriente y los circuitos de alumbrado.","Algemene differentiaalschakelaar / Stroomdifferentiaalschakelaar / Verlichtingsdifferentiaalschakelaar (Diferencial General / Diferencial Fuerza / Diferencial Alumbrado): Hoofd-aardlekschakelaars (RCD&#x27;s) die aardlekbeveiliging bieden voor algemene leidingen, stopcontacten en verlichtingscircuits.","Différentiel général / Différentiel de puissance / Différentiel d&#x27;éclairage (Diferencial General / Diferencial Fuerza / Diferencial Alumbrado) : Disjoncteurs différentiels principaux (DCD) assurant la protection contre les fuites à la terre des lignes générales, des prises de courant et des circuits d&#x27;éclairage."
electricity:elec_panel_b_dishwasher,"Dishwasher (Lavajillas): Dedicated circuit for the dishwasher.","Lavavajillas: Circuito específico para el lavavajillas.","Vaatwasser (Lavajillas): Apart stroomcircuit voor de vaatwasser.","Lave-vaisselle (Lavajillas) : circuit électrique dédié au lave-vaisselle."
electricity:elec_panel_b_fryer,"Deep Fryer (Freidora): Dedicated high-load circuit for a deep fryer or auxiliary heavy kitchen appliance.","Freidora: Circuito específico de alta potencia para una freidora o un electrodoméstico de cocina auxiliar de gran potencia.","Frituurpan (Freidora): Speciaal circuit voor zware belasting, bestemd voor een frituurpan of een ander zwaar keukenapparaat.","Friteuse (Freidora) : circuit dédié à forte charge pour une friteuse ou un appareil de cuisine auxiliaire à forte consommation."
electricity:elec_panel_b_gen_lights,"General Lighting (Al. General): General lighting circuit.","Iluminación general (Al. General): Circuito de iluminación general.","Algemene verlichting (Al. General): circuit voor algemene verlichting.","Éclairage général (Al. General) : circuit d&#x27;éclairage général."
electricity:elec_panel_b_hob,"Ceramic Hob (Vitro): Dedicated high-load circuit for the ceramic/induction hob (cooktop).","Placa vitrocerámica (Vitro): Circuito específico de alta potencia para la placa vitrocerámica o de inducción.","Keramische kookplaat (Vitro): Speciaal circuit voor zware belasting, bestemd voor de keramische/inductiekookplaat.","Plaque vitrocéramique (Vitro) : circuit dédié à forte charge pour la plaque vitrocéramique/à induction."
electricity:elec_panel_b_iron,"Iron / Utility (Plancha): Dedicated circuit for an iron or heavy utility appliance.","Plancha / Electrodomésticos pesados: Circuito específico para una plancha o un electrodoméstico pesado.","Strijkijzer / Huishoudelijk apparaat (Plancha): Aparte stroomkring voor een strijkijzer of een zwaar huishoudelijk apparaat.","Fer à repasser / Appareil électroménager (Plancha) : Circuit dédié à un fer à repasser ou à un appareil électroménager puissant."
electricity:elec_panel_b_loc_label,"Location:","Ubicación:","Locatie:","Lieu :"
electricity:elec_panel_b_loc_value,"First floor, located on the left-hand wall between the main entrance door and the door leading to the swimming pool.","Primera planta, situado en la pared de la izquierda, entre la puerta de entrada principal y la puerta que da a la piscina.","Eerste verdieping, aan de linkerkant tussen de hoofdingang en de deur naar het zwembad.","Au premier étage, situé sur le mur de gauche, entre la porte d&#x27;entrée principale et la porte menant à la piscine."
electricity:elec_panel_b_outlets,"Power Outlets (Enchufes): General power outlet circuits (multiple standard socket lines).","Tomas de corriente (enchufes): Circuitos generales de tomas de corriente (líneas de enchufes múltiples estándar).","Stopcontacten (Enchufes): Algemene stopcontactcircuits (meerdere rijen met standaardstopcontacten).","Prises électriques (Enchufes) : circuits généraux de prises électriques (multiples rangées de prises standard)."
electricity:elec_panel_b_oven,"Oven (Horno): Dedicated high-load circuit for the oven.","Horno: Circuito específico de alta carga para el horno.","Oven (Horno): Speciaal stroomcircuit voor de oven, geschikt voor zware belasting.","Four (Horno) : circuit dédié à forte charge pour le four."
electricity:elec_panel_b_scope_label,"Panel Scope:","Ámbito del panel:","Toepassingsgebied van het paneel:","Portée du groupe d&#x27;experts :"
electricity:elec_panel_b_scope_value,"Apartment or Main Utility Power Distribution (General Protection, Lighting, Common/Salon Circuits, Kitchen Appliances, and Heavy-Load Equipment).","Distribución eléctrica del piso o de la red principal (protección general, iluminación, circuitos comunes y del salón, electrodomésticos de cocina y equipos de alta potencia).","Stroomverdeling in het appartement of het hoofdnet (algemene beveiliging, verlichting, gemeenschappelijke/woonkamer-stroomcircuits, keukenapparatuur en apparatuur met een hoog stroomverbruik).","Appartement ou réseau de distribution électrique principal (protection générale, éclairage, circuits communs/du salon, appareils électroménagers de cuisine et équipements à forte consommation)."
electricity:elec_panel_b_spare,"Spare / Free (Libre): Spare/available circuit breaker.","De reserva / Libre (Libre): Interruptor automático de reserva o disponible.","Reserve / Vrij (Libre): Reserve-/beschikbare stroomonderbreker.","De réserve / Libre (Libre) : Disjoncteur de réserve/disponible."
electricity:elec_panel_b_title,"First Floor Electrical Panel B","Cuadro eléctrico B de la primera planta","Elektriciteitskast B op de eerste verdieping","Tableau électrique B du premier étage"
electricity:elec_panel_b_top_header,"Top Row Circuit Breakdown (Protection & Lighting / Salón):","Desglose de los circuitos de la fila superior (protección e iluminación / salón):","Overzicht van de bovenste rij (beveiliging en verlichting / Salón):","Défaillance du circuit de la rangée du haut (protection et éclairage / Salon) :"
electricity:elec_photo_1,"Garage electrical panel (Gate, Alumbrado, C10 & C25 pool pumps) in the car park corridor next to the lift.","Cuadro eléctrico del garaje (portón, alumbrado, bombas de piscina C10 y C25) en el pasillo del aparcamiento, junto al ascensor.","De elektriciteitskast van de garage (poort, verlichting, zwembadpompen C10 en C25) bevindt zich in de parkeergang naast de lift.","Tableau électrique du garage (portail, éclairage, pompes de piscine C10 et C25) situé dans le couloir du parking, à côté de l&#x27;ascenseur."
electricity:elec_photo_2,"First floor electrical panel A.","Cuadro eléctrico A de la primera planta.","Elektriciteitskast A op de eerste verdieping.","Tableau électrique A du premier étage."
electricity:elec_photo_3,"First floor electrical panel B.","Cuadro eléctrico B de la primera planta.","Elektriciteitskast B op de eerste verdieping.","Tableau électrique B du premier étage."
electricity:elec_photo_dig1,"1. The 13 small residential meters – one per apartment.","1. Los 13 contadores domésticos pequeños: uno por piso.","1. De 13 kleine meterstanden voor woningen – één per appartement.","1. Les 13 petits compteurs résidentiels – un par appartement."
electricity:elec_photo_dig2,"2. Large meter A – common areas.","2. Contador grande A: zonas comunes.","2. Grote meter A – gemeenschappelijke ruimtes.","2. Grand compteur A – parties communes."
electricity:elec_photo_dig3,"3. Large meter B – additional utility or pool installation.","3. Contador grande B: instalación adicional para servicios públicos o piscina.","3. Grote meter B – extra aansluiting voor nutsvoorzieningen of zwembadinstallatie.","3. Grand compteur B – installation supplémentaire pour un service public ou une piscine."
electricity:elec_photo_main,"Main building switch / mechanical master breaker cabinet.","Interruptor del edificio principal / armario de interruptores principales mecánicos.","Hoofdschakelaar van het gebouw / mechanische hoofdschakelkast.","Interrupteur principal du bâtiment / armoire de commande mécanique principale."
electricity:elec_photo_outdoor,"Main outdoor electrical cabinet containing the utility meters.","Armario eléctrico exterior principal que alberga los contadores de servicios públicos.","Hoofdschakelkast voor buiten, waarin de energiemeters zijn ondergebracht.","Armoire électrique extérieure principale abritant les compteurs."
electricity:elec_pool_fuse_c10,"Fuse C10 (Water Jets): Dedicated circuit for the secondary water jet pump, operating with a lower electricity consumption.","Fusible C10 (chorros de agua): Circuito específico para la bomba secundaria de chorros de agua, que funciona con un menor consumo eléctrico.","Zekering C10 (waterstralen): Apart stroomcircuit voor de secundaire waterstraalpomp, dat met een lager stroomverbruik werkt.","Fusible C10 (jets d&#x27;eau) : circuit dédié à la pompe secondaire des jets d&#x27;eau, fonctionnant avec une consommation électrique réduite."
electricity:elec_pool_fuse_c25,"Fuse C25 (Filter Pump): Dedicated circuit for the main pool filtration pump, which handles the highest electricity consumption.","Fusible C25 (bomba de filtración): Circuito específico para la bomba principal de filtración de la piscina, que es la que más electricidad consume.","Zekering C25 (filterpomp): Een apart stroomcircuit voor de hoofdfilterpomp van het zwembad, die het hoogste stroomverbruik heeft.","Fusible C25 (pompe de filtration) : circuit dédié à la pompe de filtration principale de la piscine, qui représente la plus grande partie de la consommation électrique."
electricity:electricity_meters_desc,"All installed electricity meters are digital smart meters (standardized utility models equipped with an LCD display and optical interface) featuring automated remote readout and smart grid telemetry. This allows Portillo to continuously record consumption data remotely without requiring manual, on-site meter readings.","Todos los contadores eléctricos instalados son contadores inteligentes digitales (modelos normalizados equipados con una pantalla LCD y una interfaz óptica) que cuentan con lectura remota automatizada y telemetría de red inteligente. Esto permite a Portillo registrar de forma continua los datos de consumo de forma remota, sin necesidad de realizar lecturas manuales in situ.","Alle geïnstalleerde elektriciteitsmeters zijn digitale slimme meters (gestandaardiseerde modellen, uitgerust met een LCD-scherm en een optische interface) die zijn voorzien van automatische aflezing op afstand en telemetrie voor het slimme netwerk. Hierdoor kan Portillo continu op afstand verbruiksgegevens registreren, zonder dat er handmatige meteropnames ter plaatse nodig zijn.","Tous les compteurs électriques installés sont des compteurs intelligents numériques (modèles standardisés équipés d&#x27;un écran LCD et d&#x27;une interface optique) dotés d&#x27;une fonction de relevé automatisé à distance et de télémétrie pour réseau intelligent. Cela permet à Portillo d&#x27;enregistrer en continu les données de consommation à distance, sans avoir à procéder à des relevés manuels sur place."
electricity:electricity_meters_lbl,"Meter Technology & Reading:","Tecnología y lectura de contadores:","Metertechnologie en meterstandenopname:","Technologie des compteurs et relevés :"
electricity:electricity_provider_title,"Provider Details","Datos del proveedor","Gegevens van de aanbieder","Coordonnées du prestataire"
electricity:electricity_text,"Information about electrical infrastructure, meters, breakers, and provider details.","Información sobre la infraestructura eléctrica, los contadores, los interruptores y los datos del proveedor.","Informatie over de elektrische infrastructuur, meters, stroomonderbrekers en gegevens van de leverancier.","Informations concernant l&#x27;installation électrique, les compteurs, les disjoncteurs et les coordonnées du fournisseur d&#x27;électricité."
electricity:electricity_title,"Electricity","Electricidad","Elektriciteit","Électricité"
electricity:nav_about,"About","Acerca de","Over","À propos"
electricity:nav_contacts,"Contacts","Contactos","Contactpersonen","Contacts"
electricity:nav_documents,"Documents","Documentos","Documenten","Documents"
electricity:nav_electricity,"Electricity","Electricidad","Elektriciteit","Électricité"
electricity:nav_elevator,"Elevator","Ascensor","Lift","Ascenseur"
electricity:nav_emergency,"Emergency","Emergencia","Noodsituatie","Urgence"
electricity:nav_garage,"Garage & Gate","Garaje y verja","Garage en poort","Garage et portail"
electricity:nav_garden,"Garden & Irrigation","Jardinería y riego","Tuin &amp; Irrigatie","Jardin et arrosage"
electricity:nav_home,"Home","Inicio","Home","Accueil"
electricity:nav_insurance,"Insurance","Seguros","Verzekering","Assurance"
electricity:nav_internet,"Internet","Internet","Internet","Internet"
electricity:nav_keys,"Technical Room Keys","Claves técnicas de la sala","Sleutels voor technische ruimtes","Clés des locaux techniques"
electricity:nav_maintenance,"Maintenance","Mantenimiento","Onderhoud","Maintenance"
electricity:nav_water,"Water","Agua","Water","Eau"
electricity:title,"Mirador del Mar – Palomares","Mirador del Mar – Palomares","Mirador del Mar – Palomares","Mirador del Mar – Palomares"
elevator:elevator_gallery_title,"Elevator Reference Photos","Fotos de Referencia del Ascensor","Referentiefoto's van de Lift","Photos de Référence de l'Ascenseur"
elevator:elevator_intro,"This building is equipped with an Otis elevator from 2007, which over the years has been fitted with several modern upgrades, including a digital information screen. In this chapter, we discuss the most important safety features, what you should do in case of an emergency, and how the door sensors work in detail.","Este edificio está equipado con un ascensor Otis de 2007, que a lo largo de los años se ha dotado de varias mejoras modernas, incluyendo una pantalla de información digital. En este capítulo, explicamos las funciones de seguridad más importantes, qué hacer en caso de emergencia y cómo funcionan en detalle los sensores de las puertas.","Dit gebouw is uitgerust met een Otis-lift uit 2007, die in de loop der jaren is voorzien van diverse moderne upgrades, waaronder een digitaal informatiescherm. In dit hoofdstuk bespreken we de belangrijkste veiligheidsfuncties, wat je moet doen in geval van nood, en hoe de deursensoren precies werken.","Cet immeuble est équipé d'un ascenseur Otis datant de 2007, doté au fil des ans de plusieurs améliorations modernes, dont un écran d'information numérique. Dans ce chapitre, nous présentons les principales consignes de sécurité, la marche à suivre en cas d'urgence et le fonctionnement détaillé des capteurs de porte."
elevator:elevator_photo_1,"Inspection sticker & Otis 24h contact","Pegatina de inspección y contacto Otis 24h","Inspectiesticker & Otis 24h contact","Autocollant d'inspection & contact Otis 24h"
elevator:elevator_photo_2,"Left door frame IR sensor","Sensor IR en el marco izquierdo de la puerta","IR-sensor linker deurpost","Capteur IR du cadre de porte gauche"
elevator:elevator_photo_3,"Right door frame IR sensor","Sensor IR en el marco derecho de la puerta","IR-sensor rechter deurpost","Capteur IR du cadre de porte droit"
elevator:elevator_photo_4,"Button panel with yellow emergency alarm","Panel de botones con alarma amarilla de emergencia","Knoppenpaneel met gele noodknop","Panneau de boutons avec alarme d'urgence jaune"
elevator:elevator_photo_5,"Built-in intercom microphone/speaker","Micrófono/altavoz del interfono integrado","Ingebouwde intercom microfoon/speaker","Micro/haut-parleur de l'interphone intégré"
elevator:elevator_photo_6,"Otis e-View digital display (450kg / 6 Pers)","Pantalla digital Otis e-View (450kg / 6 Pers)","Otis e-View digitaal display (450kg / 6 Pers)","Écran numérique Otis e-View (450kg / 6 Pers)"
elevator:elevator_photo_lbl_1,"Photo 1:","Foto 1:","Foto 1:","Photo 1 :"
elevator:elevator_photo_lbl_2,"Photo 2:","Foto 2:","Foto 2:","Photo 2 :"
elevator:elevator_photo_lbl_3,"Photo 3:","Foto 3:","Foto 3:","Photo 3 :"
elevator:elevator_photo_lbl_4,"Photo 4:","Foto 4:","Foto 4:","Photo 4 :"
elevator:elevator_photo_lbl_5,"Photo 5:","Foto 5:","Foto 5:","Photo 5 :"
elevator:elevator_photo_lbl_6,"Photo 6:","Foto 6:","Foto 6:","Photo 6 :"
elevator:elevator_sec1_intro,"A common question is what you should do if the elevator unexpectedly gets stuck. After all, there is no 4G signal in the underground parking garage, making it often impossible to use a mobile phone. Fortunately, the elevator is equipped with an independent emergency system:","Una pregunta frecuente es qué hacer si el ascensor se queda atascado inesperadamente. Al fin y al cabo, en el garaje subterráneo no hay señal 4G, por lo que a menudo es imposible usar el teléfono móvil. Afortunadamente, el ascensor está equipado con un sistema de emergencia independiente:","Een veelgestelde vraag is wat je moet doen als de lift onverhoopt vast komt te zitten. In de ondergrondse parkeergarage is er immers geen 4G-signaal, waardoor het gebruik van een mobiele telefoon vaak onmogelijk is. Gelukkig is de lift uitgerust met een onafhankelijk noodsysteem:","Une question fréquente concerne la marche à suivre si l'ascenseur venait à se bloquer. En effet, il n'y a pas de réseau 4G dans le garage souterrain, ce qui rend l'utilisation d'un téléphone portable souvent impossible. Heureusement, l'ascenseur est équipé d'un système d'urgence indépendant :"
elevator:elevator_sec1_item1,"The yellow emergency button: At the bottom of the control panel, you will find a prominent yellow button with a bell symbol (see lift4.jpeg). This is not a simple buzzer that only sounds locally in the hallway.","El botón amarillo de emergencia: En la parte inferior del panel de control encontrarás un botón amarillo destacado con el símbolo de una campana (ver lift4.jpeg). No se trata de un simple zumbador que solo suena localmente en el pasillo.","De gele noodknop: Op het bedieningspaneel vind je onderaan een opvallende gele knop met een belsymbool (zie lift4.jpeg). Dit is geen simpele zoemer die alleen lokaal in de gang klinkt.","Le bouton d'urgence jaune : En bas du panneau de commande se trouve un bouton jaune très visible portant un symbole de cloche (voir lift4.jpeg). Il ne s'agit pas d'un simple avertisseur sonore résonnant uniquement dans le couloir."
elevator:elevator_sec1_item2,"Direct connection: If you press and hold this button for at least 3 to 5 seconds, you activate the built-in intercom (the microphone and speaker are located behind the perforated holes in the cabin wall, seen in lift5.jpeg).","Conexión directa: Si mantienes pulsado este botón durante al menos 3 a 5 segundos, activas el interfono integrado (el micrófono y el altavoz se encuentran detrás de los orificios en la pared de la cabina, como se ve en lift5.jpeg).","Directe verbinding: Als je deze knop minimaal 3 tot 5 seconden ingedrukt houdt, activeer je de ingebouwde intercom (de microfoon en speaker bevinden zich achter de gaatjes in de cabine, te zien op lift5.jpeg).","Connexion directe : En maintenant ce bouton enfoncé pendant au moins 3 à 5 secondes, vous activez l'interphone intégré (le micro et le haut-parleur se trouvent derrière les petites perforations de la paroi de la cabine, visibles sur lift5.jpeg)."
elevator:elevator_sec1_item3,"Independent of your mobile: The elevator has its own built-in landline (or a specialized module with an external antenna outside the shaft). The call goes directly through to the 24/7 Otis dispatch center. Therefore, you can always call for help, even without a 4G signal on your own phone.","Independiente de tu móvil: El ascensor dispone de su propia línea telefónica fija integrada (o un módulo especial con antena exterior fuera del hueco). La llamada se conecta directamente con el centro de atención de emergencias 24/7 de Otis. Por lo tanto, siempre puedes pedir ayuda, incluso sin señal 4G en tu teléfono.","Onafhankelijk van je mobiel: De lift heeft een eigen, ingebouwde vaste telefoonlijn (of een speciale module met een externe antenne buiten de schacht). De oproep gaat direct door naar de 24/7 meldkamer van Otis. Je kunt dus altijd om hulp roepen, zelfs zonder 4G-signaal op je eigen telefoon.","Indépendant de votre portable : L'ascenseur dispose de sa propre ligne téléphonique fixe intégrée (ou d'un module spécialisé avec antenne externe à l'extérieur de la gaine). L'appel est transmis directement au centre d'urgence Otis accessible 24h/24 et 7j/7. Vous pouvez donc toujours appeler à l'aide, même sans réseau 4G sur votre téléphone."
elevator:elevator_sec1_item4,"Status display: On the modern digital color screen (visible in lift6.jpeg), you will also see a bell symbol. This icon displays the status of the emergency connection.","Pantalla de estado: En la moderna pantalla digital a color (visible en lift6.jpeg) también verás el símbolo de una campana. Este icono muestra el estado de la conexión de emergencia.","Statusweergave: Op het moderne digitale kleurenscherm (zichtbaar op lift6.jpeg) zie je ook een belsymbool staan. Dit icoon geeft de status van de noodverbinding weer.","Affichage du statut : Sur l'écran numérique couleur moderne (visible sur lift6.jpeg), vous verrez également une icône de cloche. Cette icône indique le statut de la liaison d'urgence."
elevator:elevator_sec1_title,"1. What to Do in Case of Emergency (Elevator Blockage)?","1. ¿Qué hacer en caso de emergencia (bloqueo del ascensor)?","1. Wat te doen in geval van nood (Liftblokkering)?","1. Que faire en cas d'urgence (ascenseur bloqué) ?"
elevator:elevator_sec2_intro,"You may have noticed that if you hold a shopping bag between the closing doors, the door simply continues closing until it physically collides with the bag. Why is this?","Es posible que hayas notado que si sostienes una bolsa de la compra entre las puertas mientras se cierran, la puerta continúa cerrándose hasta que choca físicamente con la bolsa. ¿A qué se debe esto?","Het is je misschien opgevallen dat als je een boodschappentas tussen de sluitende deuren houdt, de deur gewoon doorgaat met sluiten totdat deze fysiek tegen de tas botst. Hoe kan dit?","Vous avez peut-être remarqué que si vous tenez un sac de courses entre les portes en train de se fermer, la porte continue sa course jusqu'à entrer en contact physique avec le sac. Pourquoi ?"
elevator:elevator_sec2_item1,"Single Infrared (IR) beam: Unlike very modern elevators that use a ""light curtain"" (dozens of sensors across the full height of the door), this 2007 elevator is equipped with a single optical sensor (a so-called point-to-point photocell).","Haz infrarrojo (IR) único: A diferencia de los ascensores muy modernos que utilizan una ""cortina de luz"" (decenas de sensores a lo largo de toda la altura de la puerta), este ascensor de 2007 está equipado con un único sensor óptico (una célula fotoeléctrica punto a punto).","Enkele Infrarood (IR) straal: In tegenstelling tot zeer moderne liften die een 'lichtgordijn' (tientallen sensoren over de hele hoogte van de deur) gebruiken, is deze lift uit 2007 uitgerust met een enkelvoudige optische sensor (een zogeheten punt-tot-punt fotocel).","Faisceau infrarouge (IR) unique : Contrairement aux ascenseurs très récents équipés d'un « rideau lumineux » (des dizaines de capteurs sur toute la hauteur de la porte), cet ascenseur de 2007 est doté d'un capteur optique unique (une cellule photoélectrique point à point)."
elevator:elevator_sec2_item2,"The blind spot: You can spot these sensors as the round, dark caps on the door frames (see lift2.jpeg and lift3.jpeg). They are located at a fixed height (usually around knee level). If your shopping bag or hand is positioned just above or below this invisible horizontal beam, the sensor detects nothing at all.","El punto ciego: Puedes localizar estos sensores como los tapones redondos y oscuros en los marcos de la puerta (ver lift2.jpeg y lift3.jpeg). Están situados a una altura fija (normalmente a la altura de las rodillas). Si tu bolsa o tu mano se encuentran justo por encima o por debajo de este haz horizontal invisible, el sensor no detectará absolutamente nada.","De blinde vlek: Je kunt deze sensoren zien als de ronde, donkere dopjes op de deurposten (zie lift2.jpeg en lift3.jpeg). Ze bevinden zich op een vaste hoogte (meestal rond kniehoogte). Als jouw boodschappentas of hand zich nét boven of onder deze onzichtbare horizontale straal bevindt, detecteert de sensor helemaal niets.","L'angle mort : Vous pouvez repérer ces capteurs sous la forme de petits bouchons sombres et ronds sur le cadre des portes (voir lift2.jpeg et lift3.jpeg). Ils sont situés à une hauteur fixe (généralement à hauteur de genou). Si votre sac de courses ou votre main se trouve juste au-dessus ou en dessous de ce faisceau horizontal invisible, le capteur ne détecte absolument rien."
elevator:elevator_sec2_item3,"Mechanical safety: Fortunately, the elevator is doubly protected. As soon as the door senses physical resistance (for example, when bumping into your shoulder or a bag), the motor registers this resistance and will immediately reopen the door.","Seguridad mecánica: Afortunadamente, el ascensor cuenta con una doble protección. En cuanto la puerta detecta resistencia física (por ejemplo, al chocar contra tu hombro o una bolsa), el motor registra esta resistencia y la puerta se volverá a abrir inmediatamente.","Mechanische beveiliging: Gelukkig is de lift dubbel beveiligd. Zodra de deur fysieke weerstand voelt (bijvoorbeeld omdat hij tegen je schouder of een tas botst), registreert de motor deze weerstand en zal de deur direct weer openen.","Sécurité mécanique : Heureusement, l'ascenseur bénéficie d'une double protection. Dès que la porte rencontre une résistance physique (par exemple en touchant votre épaule ou un sac), le moteur enregistre cette résistance et réouvre immédiatement la porte."
elevator:elevator_sec2_slow_text,"If you intentionally or accidentally block the doors multiple times in a row using physical resistance, the elevator enters a safety mode. The elevator then ""thinks"" that the sensor is defective or that vandalism is involved. To prevent damage to the doors and the motor, the elevator will close the doors in ""slow-motion"" (with greatly reduced speed and force) on the next cycle. This completely matches your observation! After a successful closing, the system usually resets itself for the next ride.","Si bloqueas las puertas de forma deliberada o accidental varias veces seguidas mediante resistencia física, el ascensor entra en un modo de seguridad. El sistema ""piensa"" entonces que el sensor está defectuoso o que se trata de un acto de vandalismo. Para evitar daños en las puertas y en el motor, la siguiente vez el ascensor cerrará la puerta en ""slow-motion"" (a una velocidad y fuerza muy reducidas). ¡Esto coincide totalmente con tu observación! Tras un cierre con éxito, el sistema suele reiniciarse para el siguiente viaje.","Als je de deuren moedwillig of per ongeluk meerdere keren achter elkaar blokkeert via deze fysieke weerstand, gaat de lift over in een veiligheidsmodus. De lift 'denkt' dan dat de sensor defect is of dat er vandalisme in het spel is. Om schade aan de deuren en de motor te voorkomen, zal de lift de deur de volgende keer in ""slow-motion"" (met sterk gereduceerde snelheid en kracht) sluiten. Dit klopt dus helemaal met je observatie! Na een succesvolle sluiting reset het systeem zich meestal weer voor de volgende rit.","Si vous bloquez volontairement ou accidentellement les portes plusieurs fois d'affilée en créant une résistance physique, l'ascenseur passe en mode de sécurité. Le système « pense » alors que le capteur est défectueux ou qu'il s'agit d'un acte de vandalisme. Afin d'éviter d'endommager les portes et le moteur, l'ascenseur fermera la porte au cycle suivant en « slow-motion » (à vitesse et force très réduites). Cela correspond tout à fait à votre observation ! Après une fermeture réussie, le système se réinitialise généralement pour le trajet suivant."
elevator:elevator_sec2_slow_title,"Please Note: The ""Slow-Motion"" Mode","Nota importante: El modo ""Slow-Motion"" (Movimiento lento)","Let op: De ""Slow-Motion"" Modus","Attention : Le mode « Slow-Motion » (Mouvement lent)"
elevator:elevator_sec2_title,"2. Door Operation: Why Doesn't the Elevator ""See"" My Shopping Bag?","2. Funcionamiento de las puertas: ¿Por qué el ascensor no ""ve"" mi bolsa de la compra?","2. Werking van de deuren: Waarom 'ziet' de lift mijn boodschappentas niet?","2. Fonctionnement des portes : Pourquoi l'ascenseur ne « voit-il » pas mon sac de courses ?"
elevator:elevator_sec3_intro,"For a better understanding of the installation, here are the main technical specifications of this Otis elevator:","Para comprender mejor la instalación, a continuación se presentan las principales especificaciones técnicas de este ascensor Otis:","Voor een beter begrip van de installatie volgen hier de belangrijkste technische specificaties van deze Otis-lift:","Pour mieux comprendre l'installation, voici les principales caractéristiques techniques de cet ascenseur Otis :"
elevator:elevator_sec3_item1,"Model & Capacity: This is an Otis installation from 2007. According to the specifications on the display (lift6.jpeg), the elevator has a maximum load capacity of 450 kg (equivalent to a maximum of 6 persons).","Modelo y Capacidad: Se trata de una instalación Otis de 2007. Según las especificaciones de la pantalla (lift6.jpeg), el ascensor tiene una capacidad de carga máxima de 450 kg (equivalente a un máximo de 6 personas).","Model & Capaciteit: Het betreft een Otis-installatie uit 2007. Volgens de specificaties op het display (lift6.jpeg) heeft de lift een maximaal draagvermogen van 450 kg (wat gelijk staat aan maximaal 6 personen).","Modèle & Capacité : Il s'agit d'une installation Otis de 2007. Selon les spécifications affichées sur l'écran (lift6.jpeg), la capacité maximale est de 450 kg (soit au maximum 6 personnes)."
elevator:elevator_sec3_item2,"Modernization (e-View): The elevator has been upgraded with an Otis e-View display. This system (lift6.jpeg) shows current news reports, date, and time, and also functions as a visual indicator for the emergency call system.","Modernización (e-View): El ascensor se ha actualizado con una pantalla Otis e-View. Este sistema (lift6.jpeg) muestra noticias de actualidad, fecha y hora, y también funciona como indicador visual para el sistema de llamada de emergencia.","Modernisering (e-View): De lift is geüpgraded met een Otis e-View display. Dit systeem (lift6.jpeg) toont actuele nieuwsberichten, de datum en tijd, en fungeert tevens als visuele indicator voor het noodoproepsysteem.","Modernisation (e-View) : L'ascenseur a été équipé d'un écran Otis e-View. Ce système (lift6.jpeg) affiche les actualités, la date et l'heure, et sert également d'indicateur visuel pour le système d'appel d'urgence."
elevator:elevator_sec3_item3,"Inspection & Maintenance: The elevator is officially maintained by Otis (24-hour emergency number: 924 92 50 24). The installation complies with the requirements of the Junta de Andalucía. As seen on the inspection sticker (lift1.jpeg), the last periodic inspection (by SGS) took place on March 12, 2026, with a favorable result (favorable). The next major inspection is scheduled for March 2027.","Inspección y Mantenimiento: El ascensor cuenta con el mantenimiento oficial de Otis (teléfono de emergencias 24h: 924 92 50 24). La instalación cumple con las exigencias de la Junta de Andalucía. Como se aprecia en la pegatina de inspección (lift1.jpeg), la última inspección periódica (realizada por SGS) tuvo lugar el 12 de marzo de 2026, con resultado favorable (favorable). La próxima gran inspección está programada para marzo de 2027.","Inspectie & Onderhoud: De lift wordt officieel onderhouden door Otis (24-uurs noodnummer: 924 92 50 24). De installatie voldoet aan de eisen van de Junta de Andalucía. Zoals te zien op de inspectiesticker (lift1.jpeg), vond de laatste periodieke inspectie (door SGS) plaats op 12 maart 2026, met een gunstig resultaat (favorable). De volgende grote keuring staat gepland voor maart 2027.","Inspection & Entretien : L'ascenseur est officiellement entretenu par Otis (numéro d'urgence 24h/24 : 924 92 50 24). L'installation est conforme aux exigences de la Junta de Andalucía. Comme l'indique l'autocollant d'inspection (lift1.jpeg), la dernière inspection périodique (réalisée par SGS) a eu lieu le 12 mars 2026, avec un résultat favorable (favorable). La prochaine grande inspection est prévue pour mars 2027."
elevator:elevator_sec3_item4,"Door Detection: Protected via a combination of a single IR photocell (lift2.jpeg and lift3.jpeg) and a torque/resistance sensor on the door motor, including ""Nudging"" (slow-motion) software as an anti-sabotage measure.","Detección de Puertas: Protegido mediante una combinación de fotocélula IR única (lift2.jpeg y lift3.jpeg) y un sensor de par/resistencia en el motor de la puerta, incluyendo software de ""Nudging"" (movimiento lento) como medida antisabotaje.","Deurdetectie: Beveiligd via een combinatie van een enkelvoudige IR-fotocel (lift2.jpeg en lift3.jpeg) en een koppel/weerstandssensor op de deurmotor inclusief 'Nudging' (slow-motion) software als anti-sabotage maatregel.","Détection des portes : Sécurisée par la combinaison d'une cellule photoélectrique IR unique (lift2.jpeg et lift3.jpeg) et d'un capteur de couple/résistance sur le moteur de porte, incluant un logiciel de « Nudging » (mouvement lent) comme mesure anti-sabotage."
elevator:elevator_sec3_title,"3. Technical Overview (For Enthusiasts)","3. Resumen Técnico (Para entusiastas)","3. Technisch Overzicht (Voor de liefhebber)","3. Aperçu technique (Pour les passionnés)"
elevator:elevator_title,"Elevator Usage & Safety (Otis, 2007)","Uso y Seguridad del Ascensor (Otis, 2007)","Gebruik en Veiligheid van de Lift (Otis, 2007)","Utilisation et Sécurité de l'Ascenseur (Otis, 2007)"
elevator:nav_about,"About","Acerca de","Over","À propos"
elevator:nav_contacts,"Contacts","Contactos","Contacten","Contacts"
elevator:nav_documents,"Documents","Documentos","Documenten","Documents"
elevator:nav_electricity,"Electricity","Electricidad","Elektriciteit","Électricité"
elevator:nav_elevator,"Elevator","Ascensor","Lift","Ascenseur"
elevator:nav_emergency,"Emergency","Emergencias","Noodgevallen","Urgences"
elevator:nav_garage,"Garage & Gate","Garaje y Portón","Garage & Poort","Garage & Portail"
elevator:nav_garden,"Garden & Irrigation","Jardinería y riego","Tuin &amp; Irrigatie","Jardin et arrosage"
elevator:nav_home,"Home","Inicio","Home","Accueil"
elevator:nav_insurance,"Insurance","Seguro","Verzekering","Assurance"
elevator:nav_internet,"Internet","Internet","Internet","Internet"
elevator:nav_keys,"Technical Room Keys","Llaves de Cuartos Técnicos","Sleutels Technische Ruimtes","Clés des locaux techniques"
elevator:nav_maintenance,"Maintenance","Mantenimiento","Onderhoud","Entretien"
elevator:nav_water,"Water","Agua","Water","Eau"
elevator:title,"Mirador del Mar – Palomares","Mirador del Mar – Palomares","Mirador del Mar – Palomares","Mirador del Mar – Palomares"
emergency:emergency_061,"061: Ambulance / urgent medical care","061: Ambulancia / asistencia médica de urgencia","061: Ambulance / spoedeisende medische hulp","061 : Ambulance / soins médicaux d&#x27;urgence"
emergency:emergency_112,"112: General emergencies (police, fire, ambulance)","112: Emergencias generales (policía, bomberos, ambulancia)","112: Algemene noodsituaties (politie, brandweer, ambulance)","112 : Urgences générales (police, pompiers, ambulance)"
emergency:emergency_fire,"Bomberos Levante Almeriense (Vera): +34 950 39 00 81","Bomberos de Levante Almeriense (Vera): +34 950 39 00 81","Brandweer Levante Almeriense (Vera): +34 950 39 00 81","Pompiers de Levante Almeriense (Vera) : +34 950 39 00 81"
emergency:emergency_fire_title,"Fire Brigade","Cuerpo de Bomberos","Brandweer","Pompiers"
emergency:emergency_general_title,"General Emergencies","Emergencias generales","Algemene noodsituaties","Urgences générales"
emergency:emergency_guardia,"Guardia Civil (Vera): +34 950 39 00 56","Guardia Civil (Vera): +34 950 39 00 56","Guardia Civil (Vera): +34 950 39 00 56","Garde civile (Vera) : +34 950 39 00 56"
emergency:emergency_healthcenter,"Centro de Salud Vera: +34 950 45 85 00","Centro de Salud Vera: +34 950 45 85 00","Gezondheidscentrum Vera: +34 950 45 85 00","Centre de santé de Vera : +34 950 45 85 00"
emergency:emergency_hospital,"Hospital La Inmaculada (Huércal-Overa): +34 950 02 00 00","Hospital La Inmaculada (Huércal-Overa): +34 950 02 00 00","Ziekenhuis La Inmaculada (Huércal-Overa): +34 950 02 00 00","Hôpital La Inmaculada (Huércal-Overa) : +34 950 02 00 00"
emergency:emergency_medical_title,"Medical","Médico","Medisch","Médical"
emergency:emergency_police_local,"Policía Local (Cuevas del Almanzora): +34 950 45 80 81","Policía Local (Cuevas del Almanzora): +34 950 45 80 81","Gemeentepolitie (Cuevas del Almanzora): +34 950 45 80 81","Police municipale (Cuevas del Almanzora) : +34 950 45 80 81"
emergency:emergency_police_title,"Police","Policía","Politie","Police"
emergency:emergency_text,"Critical emergency contacts for Palomares, Vera, and surrounding areas.","Contactos de emergencia imprescindibles para Palomares, Vera y sus alrededores.","Belangrijke contactgegevens voor noodgevallen in Palomares, Vera en de omliggende gebieden.","Coordonnées des services d’urgence indispensables pour Palomares, Vera et les environs."
emergency:emergency_title,"Emergency Numbers","Números de emergencia","Noodnummers","Numéros d&#x27;urgence"
emergency:nav_about,"About","Acerca de","Over","À propos"
emergency:nav_contacts,"Contacts","Contactos","Contactpersonen","Contacts"
emergency:nav_documents,"Documents","Documentos","Documenten","Documents"
emergency:nav_electricity,"Electricity","Electricidad","Elektriciteit","Électricité"
emergency:nav_elevator,"Elevator","Ascensor","Lift","Ascenseur"
emergency:nav_emergency,"Emergency","Emergencia","Noodsituatie","Urgence"
emergency:nav_garage,"Garage & Gate","Garaje y puerta","Garage &amp; Poort","Garage et portail"
emergency:nav_garden,"Garden & Irrigation","Jardinería y riego","Tuin &amp; Irrigatie","Jardin et arrosage"
emergency:nav_home,"Home","Inicio","Home","Accueil"
emergency:nav_insurance,"Insurance","Seguros","Verzekeringen","Assurance"
emergency:nav_internet,"Internet","Internet","Internet","Internet"
emergency:nav_keys,"Technical Room Keys","Claves técnicas de la sala","Sleutels voor technische ruimtes","Clés des locaux techniques"
emergency:nav_maintenance,"Maintenance","Mantenimiento","Onderhoud","Maintenance"
emergency:nav_water,"Water","Agua","Water","Eau"
emergency:title,"Mirador del Mar – Palomares","Mirador del Mar – Palomares","Mirador del Mar – Palomares","Mirador del Mar – Palomares"
garage:fob_auth_address,"System Access: You must contact Francisca to request access authorisation and to coordinate the registration of your new transmitter's code.","Acceso al sistema: Debes ponerte en contacto con Francisca para solicitar la autorización de acceso y coordinar el registro del código de tu nuevo transmisor.","Toegang tot het systeem: Je moet contact opnemen met Francisca om toestemming voor toegang aan te vragen en de registratie van de code van je nieuwe zender te regelen.","Accès au système : vous devez contacter Francisca pour demander une autorisation d&#x27;accès et coordonner l&#x27;enregistrement du code de votre nouvel émetteur."
garage:fob_auth_desc,"A newly purchased key fob will not operate the gate straight out of the box due to the complex's rolling-code security encryption. Every new transmitter must be digitally registered into the central receiver's memory.","Un mando a distancia recién comprado no funcionará nada más sacarlo de la caja debido al sistema de cifrado de seguridad de código variable del complejo. Cada nuevo transmisor debe registrarse digitalmente en la memoria del receptor central.","Een nieuw aangeschafte afstandsbediening werkt niet direct uit de verpakking vanwege de beveiligingsversleuteling met wisselende code van het complex. Elke nieuwe zender moet digitaal worden geregistreerd in het geheugen van de centrale ontvanger.","Un télécommande nouvellement achetée ne permettra pas d&#x27;actionner le portail dès sa sortie de l&#x27;emballage en raison du système de cryptage de sécurité à code tournant du complexe. Chaque nouvel émetteur doit être enregistré numériquement dans la mémoire du récepteur central."
garage:fob_auth_fee,"Administrative Fees: Please consult building management regarding any applicable registration or administrative processing fees.","Tasas administrativas: Consulta con la administración del edificio sobre las posibles tasas de inscripción o de tramitación administrativa aplicables.","Administratiekosten: Neem contact op met het gebouwbeheer voor informatie over eventuele registratiekosten of administratieve verwerkingskosten.","Frais administratifs : veuillez vous renseigner auprès de la gérance de l&#x27;immeuble pour connaître les éventuels frais d&#x27;inscription ou de dossier administratif applicables."
garage:fob_auth_heading,"Registering a New Key Fob","Cómo registrar un nuevo mando a distancia","Een nieuwe sleutelhanger registreren","Enregistrement d&#x27;un nouveau télécommande"
garage:fob_bat_step1,"Carefully pry open the plastic casing by inserting a coin or a small flathead precision screwdriver along the side seam.","Abre con cuidado la carcasa de plástico introduciendo una moneda o un destornillador de precisión pequeño de cabeza plana por la junta lateral.","Wrik de plastic behuizing voorzichtig open door een muntstuk of een kleine platkop-precisieschroevendraaier langs de zijnaad te steken.","Ouvrez délicatement le boîtier en plastique en insérant une pièce de monnaie ou un petit tournevis plat de précision le long du joint latéral."
garage:fob_bat_step2,"Remove the depleted coin cell battery (use Type CR2032 for the ERA INTI, or Type CR2016 for the Flor-S).","Retira la pila de botón agotada (utiliza una pila de tipo CR2032 para el ERA INTI o una de tipo CR2016 para el Flor-S).","Verwijder de lege knoopcelbatterij (gebruik type CR2032 voor de ERA INTI of type CR2016 voor de Flor-S).","Retirez la pile bouton déchargée (utilisez une pile de type CR2032 pour l&#x27;ERA INTI, ou de type CR2016 pour le Flor-S)."
garage:fob_bat_step3,"Insert a fresh 3V coin battery ensuring the positive (+) terminal is facing upwards, then firmly snap the casing halves back together.","Introduce una pila de botón nueva de 3 V, asegurándote de que el polo positivo (+) quede hacia arriba, y a continuación vuelve a encajar firmemente las dos mitades de la carcasa.","Plaats een nieuwe 3V-knoopcelbatterij en zorg ervoor dat de positieve (+) pool naar boven wijst. Klik vervolgens de twee helften van de behuizing stevig weer in elkaar.","Insérez une pile bouton neuve de 3 V en veillant à ce que la borne positive (+) soit tournée vers le haut, puis refermez fermement les deux moitiés du boîtier."
garage:fob_battery_desc,"If your transmitter's LED indicator appears dim or fails to illuminate when a button is pressed, you will need to replace the internal coin cell battery:","Si el indicador LED de tu transmisor se ve tenue o no se enciende al pulsar un botón, tendrás que cambiar la pila de botón interna:","Als het LED-lampje van uw zender zwak brandt of niet gaat branden wanneer u op een knop drukt, moet u de interne knoopcelbatterij vervangen:","Si le voyant LED de votre émetteur semble faible ou ne s&#x27;allume pas lorsque vous appuyez sur un bouton, vous devrez remplacer la pile bouton interne :"
garage:fob_battery_title,"Battery Replacement Procedure","Procedimiento de sustitución de la batería","Procedure voor het vervangen van de batterij","Procédure de remplacement de la batterie"
garage:fob_brand_generic,"Generic Transmitters: Search for 433.92 MHz rolling-code remotes that are explicitly specified as 'Nice Flor-S compatible' (Approximately €8 – €12).","Transmisores genéricos: busca mandos a distancia de 433,92 MHz con código variable que se especifiquen expresamente como «compatibles con Nice Flor-S» (entre 8 y 12 € aproximadamente).","Standaardzenders: Zoek naar afstandsbedieningen met een rolling-code op 433,92 MHz die uitdrukkelijk worden aangeduid als ‘compatibel met Nice Flor-S’ (ongeveer € 8 – € 12).","Émetteurs génériques : recherchez des télécommandes à code tournant de 433,92 MHz explicitement désignées comme « compatibles Nice Flor-S » (entre 8 et 12 € environ)."
garage:fob_brand_nice,"Official Nice Transmitters: Search for 'Nice ERA INTI 2-Channel' or 'Nice Flor-S' (Approximately €18 – €25).","Transmisores oficiales de Nice: busca «Nice ERA INTI 2-Channel» o «Nice Flor-S» (entre 18 y 25 € aproximadamente).","Officiële Nice-zenders: zoek op ‘Nice ERA INTI 2-Channel’ of ‘Nice Flor-S’ (ongeveer € 18 – € 25).","Émetteurs Nice d&#x27;origine : recherchez « Nice ERA INTI 2-Channel » ou « Nice Flor-S » (entre 18 et 25 € environ)."
garage:fob_buy_desc,"Compatible replacement key fobs can be purchased easily from online retailers (such as Amazon):","Los mandos a distancia de recambio compatibles se pueden adquirir fácilmente en tiendas online (como Amazon):","Compatibele vervangende afstandsbedieningen zijn eenvoudig te koop bij online winkels (zoals Amazon):","Il est possible d&#x27;acheter facilement des télécommandes de remplacement compatibles auprès de sites de vente en ligne (tels qu&#x27;Amazon) :"
garage:fob_buy_heading,"Purchasing a Replacement Transmitter","Compra de un transmisor de repuesto","Een vervangende zender aanschaffen","Achat d&#x27;un émetteur de rechange"
garage:fob_how_it_works_desc,"During registration, the system extracts your transmitter's unique factory digital ID and writes it directly into the memory register of the Mirador del Mar gate receiver. Once saved, this enables instantaneous recognition and secure access.","Durante el registro, el sistema extrae el identificador digital único de fábrica de tu transmisor y lo guarda directamente en el registro de memoria del receptor de la verja del Mirador del Mar. Una vez guardado, esto permite un reconocimiento instantáneo y un acceso seguro.","Tijdens de registratie haalt het systeem het unieke digitale fabrieks-ID van uw zender op en slaat dit rechtstreeks op in het geheugenregister van de poortontvanger van Mirador del Mar. Zodra dit is opgeslagen, zorgt dit voor onmiddellijke herkenning en veilige toegang.","Lors de l&#x27;enregistrement, le système extrait l&#x27;identifiant numérique unique attribué en usine à votre émetteur et l&#x27;enregistre directement dans la mémoire du récepteur du portail Mirador del Mar. Une fois enregistré, cet identifiant permet une reconnaissance instantanée et un accès sécurisé."
garage:fob_how_it_works_title,"Authorisation Mechanics","Mecánica de la autorización","Werking van autorisatie","Mécanismes d&#x27;autorisation"
garage:fob_redlight_desc,"If the red LED illuminates when pressed but the gate remains stationary (even after installing a new battery), the transmitter has lost synchronisation or its unique digital serial number has been cleared from the main receiver's memory. The key fob must be re-authorised.","Si el LED rojo se enciende al pulsar el botón, pero la puerta permanece inmóvil (incluso después de instalar una pila nueva), significa que el transmisor ha perdido la sincronización o que su número de serie digital único se ha borrado de la memoria del receptor principal. Es necesario volver a autorizar el mando a distancia.","Als het rode lampje gaat branden wanneer u op de knop drukt, maar de poort blijft stilstaan (zelfs na het plaatsen van een nieuwe batterij), dan is de zender niet meer gesynchroniseerd of is het unieke digitale serienummer uit het geheugen van de hoofdontvanger gewist. De afstandsbediening moet opnieuw worden geautoriseerd.","Si la LED rouge s&#x27;allume lorsque vous appuyez sur le bouton mais que le portillon reste immobile (même après avoir installé une nouvelle pile), cela signifie que l&#x27;émetteur a perdu sa synchronisation ou que son numéro de série numérique unique a été effacé de la mémoire du récepteur principal. Il faut alors réautoriser la télécommande."
garage:fob_redlight_title,"Red LED flashes, but the gate does not respond?","¿El LED rojo parpadea, pero la barrera no responde?","De rode LED knippert, maar de poort reageert niet?","La LED rouge clignote, mais le portail ne réagit pas ?"
garage:fob_replace_title,"Ordering & Authorisation Procedure","Procedimiento de pedido y autorización","Bestel- en goedkeuringsprocedure","Procédure de commande et d&#x27;autorisation"
garage:fob_title,"3. Key Fobs, Maintenance & Authorisation","3. Mandos a distancia, mantenimiento y autorización","3. Sleutelhangers, onderhoud en autorisatie","3. Télécommandes, maintenance et autorisation"
garage:fob_trouble_title,"Troubleshooting Signal Issues","Solución de problemas relacionados con la señal","Problemen met het signaal oplossen","Dépannage des problèmes de signal"
garage:fob_type_1_desc,"Nice Flor-S: The classic rectangular dark blue or black transmitter, typically featuring 2 control buttons.","Nice Flor-S: El clásico transmisor rectangular de color azul oscuro o negro, que suele contar con dos botones de control.","Nice Flor-S: De klassieke rechthoekige donkerblauwe of zwarte zender, meestal voorzien van 2 bedieningsknoppen.","Nice Flor-S : l&#x27;émetteur classique de forme rectangulaire, de couleur bleu foncé ou noir, généralement équipé de deux boutons de commande."
garage:fob_type_2_desc,"Nice ERA INTI: The modern, compact square transmitter.","Nice ERA INTI: el transmisor cuadrado, moderno y compacto.","Nice ERA INTI: de moderne, compacte vierkante zender.","Nice ERA INTI : l&#x27;émetteur carré moderne et compact."
garage:fob_types_desc,"The Mirador del Mar gate system is compatible with two official Nice radio transmitter models:","El sistema de puerta «Mirador del Mar» es compatible con dos modelos oficiales de transmisores por radio de Nice:","Het Mirador del Mar-toegangssysteem is compatibel met twee officiële modellen radiozenders van Nice:","Le système de portail « Mirador del Mar » est compatible avec deux modèles officiels d&#x27;émetteurs radio Nice :"
garage:fob_types_title,"Official Key Fob Models","Modelos oficiales de mandos a distancia","Officiële modellen van sleutelhangers","Modèles officiels de porte-clés"
garage:garage_gallery_title,"Visual Component Reference","Referencia de componentes visuales","Referentie voor visuele componenten","Référence des composants visuels"
garage:garage_manual_intro,"In the event of a power outage, electrical fault, or required system maintenance, follow these exact steps to safely operate the garage gate manually:","En caso de corte de corriente, avería eléctrica o mantenimiento necesario del sistema, sigue estos pasos al pie de la letra para accionar la puerta del garaje de forma manual y segura:","In geval van een stroomstoring, een elektrische storing of noodzakelijk systeemonderhoud dient u deze stappen nauwkeurig te volgen om de garagedeur veilig handmatig te bedienen:","En cas de coupure de courant, de panne électrique ou d&#x27;intervention de maintenance sur le système, suivez scrupuleusement les étapes suivantes pour actionner la porte de garage manuellement en toute sécurité :"
garage:garage_manual_title,"2. Emergency Manual Override Instructions","2. Instrucciones para el control manual de emergencia","2. Instructies voor handmatige noodbediening","2. Instructions relatives à la commande manuelle d&#x27;urgence"
garage:garage_page_subtitle,"Guide to the Nice Spin motor operation, emergency manual overrides, visual component references, and key fob programming.","Guía sobre el funcionamiento del motor Nice Spin, los controles manuales de emergencia, las referencias visuales de los componentes y la programación del mando a distancia.","Handleiding voor de bediening van de Nice Spin-motor, handmatige noodbediening, verwijzingen naar visuele onderdelen en het programmeren van de afstandsbediening.","Guide d&#x27;utilisation du moteur Nice Spin, des commandes manuelles d&#x27;urgence, des références visuelles des composants et de la programmation de la télécommande."
garage:garage_page_title,"Garage & Gate Access","Acceso al garaje y a la verja","Toegang tot garage en poort","Accès au garage et au portail"
garage:garage_photo_1_desc,"Frame & Manual Lock Bolt: A view of the inside frame showing the manual slide bolt (top) and the steel lifting handle (lower section).","Marco y pestillo manual: Vista del interior del marco en la que se aprecian el pestillo deslizante manual (arriba) y la manilla de acero para levantar (parte inferior).","Kader en handbediende grendel: Een aanzicht van de binnenkant van het kader, met de handbediende schuifgrendel (boven) en de stalen tilhendel (onder).","Cadre et verrou manuel : vue de l&#x27;intérieur du cadre montrant le verrou coulissant manuel (en haut) et la poignée de levage en acier (en bas)."
garage:garage_photo_1_lbl,"Photo 1:","Foto 1:","Foto 1:","Photo 1 :"
garage:garage_photo_2_desc,"Carriage & Release Cord: The overhead track displaying the drive carriage, towing arm, and the black pull-cord release toggle.","Carro y cordón de liberación: El raíl elevado en el que se aprecian el carro de accionamiento, el brazo de remolque y la palanca de liberación con cordón negro.","Slede en ontgrendelingskoord: De bovenrail waarop de aandrijfslede, de trekarm en de zwarte ontgrendelingshendel voor het trekkoord te zien zijn.","Chariot et cordon de déverrouillage : le rail aérien sur lequel sont visibles le chariot d&#x27;entraînement, le bras de remorquage et le levier de déverrouillage à cordon noir."
garage:garage_photo_2_lbl,"Photo 2:","Foto 2:","Foto 2:","Photo 2 :"
garage:garage_photo_3_desc,"Overhead Motor Unit: The Nice Spin motor assembly, mounted on the ceiling directly above the driveway entrance.","Unidad motriz suspendida: El conjunto del motor Nice Spin, instalado en el techo justo encima de la entrada del garaje.","Bovenliggende motoreenheid: De Nice Spin-motoreenheid, gemonteerd aan het plafond direct boven de oprit.","Moteur suspendu : le bloc moteur Nice Spin, fixé au plafond juste au-dessus de l&#x27;entrée de l&#x27;allée."
garage:garage_photo_3_lbl,"Photo 3:","Foto 3:","Foto 3:","Photo 3 :"
garage:garage_step1_text,"Inspect the internal frame of the door panel (see Photo 1). Ensure the manual steel slide bolt is fully retracted (in the unlocked position). If the bolt is engaged into the side track, the gate frame will remain mechanically locked in place and cannot be moved.","Inspecciona el marco interior del panel de la puerta (véase la foto 1). Asegúrate de que el pestillo deslizante manual de acero esté completamente retraído (en posición de desbloqueo). Si el pestillo está enganchado en la guía lateral, el marco de la puerta permanecerá bloqueado mecánicamente en su sitio y no se podrá mover.","Controleer het binnenframe van het deurpaneel (zie foto 1). Zorg ervoor dat de handbediende stalen schuifgrendel volledig is ingetrokken (in de ontgrendelde stand). Als de grendel in de zijrail vastzit, blijft het poortframe mechanisch vergrendeld en kan het niet worden bewogen.","Inspectez le cadre intérieur du panneau de porte (voir photo 1). Assurez-vous que le verrou coulissant manuel en acier est complètement rétracté (en position déverrouillée). Si le verrou est engagé dans la glissière latérale, le cadre du portail restera mécaniquement bloqué en place et ne pourra pas être déplacé."
garage:garage_step1_title,"Step 1: Check the Frame Lock Bolt","Paso 1: Comprueba el perno de bloqueo del bastidor","Stap 1: Controleer de vergrendelingsbout van het frame","Étape 1 : Vérifiez le boulon de verrouillage du châssis"
garage:garage_step2_text,"Locate the black release ball hanging from the overhead carriage track (see Photo 2). Pull the release ball firmly straight down until you hear a clear mechanical click. This uncouples the door carriage from the motor's drive belt.","Localiza la bola de desbloqueo negra que cuelga del carril superior del carro (véase la foto 2). Tira de la bola de desbloqueo con firmeza hacia abajo hasta que oigas un clic mecánico claro. De este modo, se desacopla el carro de la puerta de la correa de transmisión del motor.","Zoek de zwarte ontgrendelingskogel die aan de bovenrail hangt (zie foto 2). Trek de ontgrendelingskogel stevig recht naar beneden totdat u een duidelijke mechanische klik hoort. Hierdoor wordt de deurwagen losgekoppeld van de aandrijfriem van de motor.","Repérez la boule de déverrouillage noire suspendue au rail supérieur du chariot (voir photo 2). Tirez fermement la boule de déverrouillage vers le bas jusqu’à ce que vous entendiez un clic mécanique distinct. Cela permet de désaccoupler le chariot de la porte de la courroie d’entraînement du moteur."
garage:garage_step2_title,"Step 2: Disengage the Motor Drive","Paso 2: Desacoplar el accionamiento del motor","Stap 2: Schakel de motoraandrijving uit","Étape 2 : Débrayer le moteur d&#x27;entraînement"
garage:garage_step3_text,"Firmly grasp the central metal handle located on the lower door panel (see Photo 1) to manually lift or lower the gate along its vertical side tracks.","Sujete con firmeza el tirador metálico central situado en el panel inferior de la puerta (véase la foto 1) para subir o bajar manualmente la puerta a lo largo de sus guías laterales verticales.","Pak de metalen handgreep in het midden van het onderste deurpaneel stevig vast (zie foto 1) om het hek handmatig langs de verticale geleiderails omhoog of omlaag te bewegen.","Saisissez fermement la poignée métallique centrale située sur le panneau inférieur de la porte (voir photo 1) pour relever ou abaisser manuellement le portillon le long de ses rails latéraux verticaux."
garage:garage_step3_title,"Step 3: Lift or Lower the Gate","Paso 3: Subir o bajar la verja","Stap 3: De poort omhoog of omlaag brengen","Étape 3 : Lever ou abaisser le portail"
garage:garage_step4_text,"When electrical power is restored, pull the release cord back towards the motor unit or press your key fob. The carriage will automatically re-latch onto the drive belt during its next movement cycle.","Cuando se restablezca el suministro eléctrico, tira del cordón de liberación hacia la unidad del motor o pulsa el mando a distancia. El carro se volverá a enganchar automáticamente a la correa de transmisión durante su siguiente ciclo de movimiento.","Zodra de stroomvoorziening is hersteld, trekt u het ontgrendelingskoord terug in de richting van de motor of drukt u op uw afstandsbediening. De loopwagen zal tijdens de volgende bewegingscyclus automatisch weer vastklikken op de aandrijfriem.","Lorsque le courant revient, tirez la cordelette de déverrouillage vers le bloc moteur ou appuyez sur votre télécommande. Le chariot se réenclenchera automatiquement sur la courroie d&#x27;entraînement lors de son prochain cycle de mouvement."
garage:garage_step4_title,"Step 4: Re-engage Automatic Mode","Paso 4: Volver a activar el modo automático","Stap 4: De automatische modus opnieuw inschakelen","Étape 4 : Réactiver le mode automatique"
garage:garage_system_desc,"The main vehicular access to the underground parking garage (Level -1) is automated by a ceiling-mounted Nice Spin electromechanical motor, running along an overhead guide rail.","El acceso principal para vehículos al aparcamiento subterráneo (nivel -1) está automatizado mediante un motor electromecánico Nice Spin instalado en el techo, que se desplaza a lo largo de un carril guía aéreo.","De hoofdtoegang voor voertuigen naar de ondergrondse parkeergarage (niveau -1) wordt geautomatiseerd door een aan het plafond gemonteerde elektromechanische Nice Spin-motor, die langs een bovenliggende geleiderail loopt.","L&#x27;accès principal des véhicules au parking souterrain (niveau -1) est automatisé grâce à un moteur électromécanique Nice Spin fixé au plafond, qui se déplace le long d&#x27;un rail de guidage aérien."
garage:garage_system_receiver,"When you press your key fob, an encrypted radio signal is transmitted to the central control receiver, located inside the locked communal plant room. The overhead motor unit handles the mechanical lifting and lowering of the gate, while all access permissions and authorisation codes are securely managed within the central receiver unit.","Al pulsar el mando a distancia, se transmite una señal de radio encriptada al receptor de control central, situado en el interior de la sala de instalaciones comunes, que está cerrada con llave. La unidad motriz suspendida se encarga del movimiento mecánico de subida y bajada de la puerta, mientras que todos los permisos de acceso y códigos de autorización se gestionan de forma segura desde la unidad receptora central.","Wanneer u op uw afstandsbediening drukt, wordt er een versleuteld radiosignaal verzonden naar de centrale ontvanger, die zich in de afgesloten gemeenschappelijke technische ruimte bevindt. De bovenliggende motor zorgt voor het mechanisch omhoog- en omlaagbrengen van het hek, terwijl alle toegangsrechten en autorisatiecodes veilig worden beheerd binnen de centrale ontvanger.","Lorsque vous appuyez sur votre télécommande, un signal radio crypté est transmis au récepteur de commande central, situé à l&#x27;intérieur du local technique commun verrouillé. Le moteur suspendu assure la levée et l&#x27;abaissement mécaniques du portail, tandis que toutes les autorisations d&#x27;accès et tous les codes d&#x27;accès sont gérés de manière sécurisée au sein du récepteur central."
garage:garage_system_title,"1. Motor System & Access Architecture","1. Sistema de motores y arquitectura de acceso","1. Motorsysteem en toegangsarchitectuur","1. Système moteur et architecture d&#x27;accès"
garage:garage_warning_text,"Pull the release cord straight downwards only. Never apply horizontal force or attempt to drag the gate using the cord. Sideways strain will shear and break the internal release lever mechanism.","Tira del cordón de apertura únicamente hacia abajo, en línea recta. Nunca ejerzas una fuerza horizontal ni intentes arrastrar la verja con el cordón. Una tensión lateral provocará el cizallamiento y la rotura del mecanismo interno de la palanca de apertura.","Trek het ontgrendelingskoord uitsluitend recht naar beneden. Oefen nooit horizontale kracht uit en probeer het hek nooit aan het koord mee te slepen. Zijdelingse belasting zal het interne ontgrendelingsmechanisme afbreken.","Tirez le cordon de déverrouillage uniquement vers le bas. N&#x27;exercez jamais de force horizontale et n&#x27;essayez jamais de tirer le portillon à l&#x27;aide du cordon. Une traction latérale risquerait de cisailler et de casser le mécanisme interne du levier de déverrouillage."
garage:garage_warning_title,"CRITICAL WARNING","ADVERTENCIA DE IMPORTANCIA CRÍTICA","BELANGRIJKE WAARSCHUWING","AVERTISSEMENT IMPORTANT"
garage:nav_about,"About","Acerca de","Over","À propos"
garage:nav_contacts,"Contacts","Contactos","Contactpersonen","Contacts"
garage:nav_documents,"Documents","Documentos","Documenten","Documents"
garage:nav_electricity,"Electricity","Electricidad","Elektriciteit","Électricité"
garage:nav_elevator,"Elevator","Ascensor","Lift","Ascenseur"
garage:nav_emergency,"Emergency","Emergencia","Noodsituatie","Urgence"
garage:nav_garage,"Garage & Gate","Garaje y puerta","Garage &amp; Poort","Garage et portail"
garage:nav_garden,"Garden & Irrigation","Jardinería y riego","Tuin &amp; Irrigatie","Jardin et arrosage"
garage:nav_home,"Home","Inicio","Home","Accueil"
garage:nav_insurance,"Insurance","Seguros","Verzekering","Assurance"
garage:nav_internet,"Internet","Internet","Internet","Internet"
garage:nav_keys,"Keys & Access","Llaves y acceso","Sleutels &amp; Toegang","Clés et accès"
garage:nav_maintenance,"Maintenance","Mantenimiento","Onderhoud","Maintenance"
garage:nav_water,"Water","Agua","Water","Eau"
garage:tech_freq_label,"Operating Frequency:","Frecuencia de funcionamiento:","Werkfrequentie:","Fréquence de fonctionnement :"
garage:tech_freq_text,"Operates on the standardised 433.92 MHz radio frequency band.","Funciona en la banda de radioestación normalizada de 433,92 MHz.","Werkt op de gestandaardiseerde radiofrequentieband van 433,92 MHz.","Fonctionne sur la bande de fréquences radio normalisée de 433,92 MHz."
garage:tech_memory_label,"Memory Registration:","Registro de memoria:","Geheugenregistratie:","Enregistrement de la mémoire :"
garage:tech_memory_text,"Due to these rolling-code security protocols, transmitters cannot be simply cloned 'over-the-air'. Each unit must be explicitly paired and saved into the central receiver's memory database.","Debido a estos protocolos de seguridad de código variable, los transmisores no pueden clonarse simplemente «por aire». Cada unidad debe emparejarse de forma explícita y guardarse en la base de datos de la memoria del receptor central.","Vanwege deze beveiligingsprotocollen met wisselende codes kunnen zenders niet zomaar ‘draadloos’ worden gekloond. Elk apparaat moet expliciet worden gekoppeld en worden opgeslagen in de geheugendatabase van de centrale ontvanger.","En raison de ces protocoles de sécurité à code tournant, les émetteurs ne peuvent pas être simplement clonés « par voie hertzienne ». Chaque appareil doit être explicitement appairé et enregistré dans la base de données du récepteur central."
garage:tech_rolling_label,"Rolling Code Security:","Seguridad con código variable:","Beveiliging met wisselende code:","Sécurité par code tournant :"
garage:tech_rolling_text,"Each transmission sends a unique, encrypted, single-use code calculated via a rolling mathematical counter. This secures the building by preventing code interception and signal replay attacks.","Cada transmisión envía un código único, cifrado y de un solo uso, calculado mediante un contador matemático progresivo. Esto garantiza la seguridad del edificio, ya que impide la interceptación del código y los ataques de repetición de señal.","Bij elke verzending wordt een unieke, versleutelde code voor eenmalig gebruik verzonden, die wordt berekend aan de hand van een voortschrijdende wiskundige teller. Dit beveiligt het gebouw door het onderscheppen van codes en signaalherhalingsaanvallen te voorkomen.","Chaque transmission envoie un code unique, crypté et à usage unique, calculé à l&#x27;aide d&#x27;un compteur mathématique glissant. Ce système sécurise le bâtiment en empêchant l&#x27;interception du code et les attaques par rejeu de signal."
garage:tech_system_intro,"A brief summary of the radio communication protocol and security specifications that power the garage gate system:","Un breve resumen del protocolo de comunicación por radio y de las especificaciones de seguridad que rigen el funcionamiento del sistema de la puerta del garaje:","Een korte samenvatting van het radiocommunicatieprotocol en de beveiligingsspecificaties waarop het garagedeursysteem is gebaseerd:","Voici un bref résumé du protocole de communication radio et des spécifications de sécurité qui régissent le système de porte de garage :"
garage:tech_system_title,"4. Technical Overview (Nice & Rolling Code System)","4. Descripción técnica (sistema «Nice &amp; Rolling Code»)","4. Technisch overzicht (Nice &amp; Rolling Code-systeem)","4. Présentation technique (système « Nice &amp; Rolling Code »)"
garage:title,"Mirador del Mar – Palomares","Mirador del Mar – Palomares","Mirador del Mar – Palomares","Mirador del Mar – Palomares"
garden:garden_intro,"The Mediterranean outdoor spaces at Mirador del Mar span across the second and third floors, featuring robust drought-tolerant landscaping, decorative stone finishes, and atmospheric accent lighting. On the third floor, you will also find a striking stone fountain offering sea views. In this chapter, we explain how the automated irrigation system works, detail every plant species with its specific care requirements, and outline operational checklists for the fountain and garden spotlights.","Los espacios al aire libre de estilo mediterráneo del Mirador del Mar se extienden por la segunda y la tercera planta, y cuentan con un diseño paisajístico robusto y resistente a la sequía, acabados decorativos en piedra e iluminación ambiental. En la tercera planta, también encontrarás una impresionante fuente de piedra con vistas al mar. En este capítulo, explicamos cómo funciona el sistema de riego automático, detallamos cada especie vegetal con sus requisitos específicos de cuidado y describimos las listas de comprobación operativas para la fuente y los focos del jardín.","De mediterrane buitenruimtes van Mirador del Mar strekken zich uit over de tweede en derde verdieping en worden gekenmerkt door robuuste, droogtebestendige beplanting, decoratieve stenen afwerkingen en sfeervolle accentverlichting. Op de derde verdieping vindt u bovendien een opvallende stenen fontein met uitzicht op zee. In dit hoofdstuk leggen we uit hoe het geautomatiseerde irrigatiesysteem werkt, beschrijven we elke plantensoort met de bijbehorende verzorgingsvereisten en geven we operationele checklists voor de fontein en de tuinspotjes.","Les espaces extérieurs de style méditerranéen du Mirador del Mar s&#x27;étendent sur les deuxième et troisième étages et se caractérisent par un aménagement paysager robuste et résistant à la sécheresse, des finitions en pierre décoratives et un éclairage d&#x27;ambiance. Au troisième étage, vous découvrirez également une superbe fontaine en pierre offrant une vue sur la mer. Dans ce chapitre, nous expliquons le fonctionnement du système d&#x27;arrosage automatisé, nous détaillons chaque espèce végétale ainsi que ses besoins spécifiques en matière d&#x27;entretien, et nous présentons les listes de contrôle opérationnelles pour la fontaine et les projecteurs du jardin."
garden:garden_sec1_intro,"The layout is optimized for the local Andalusian climate, combining low-maintenance stone ground covers with curated planters and architectural features:","El diseño está optimizado para el clima andaluz, y combina cubiertas vegetales de piedra que requieren poco mantenimiento con jardineras cuidadosamente seleccionadas y elementos arquitectónicos:","De indeling is afgestemd op het lokale Andalusische klimaat en combineert onderhoudsarme stenen bodembedekkers met zorgvuldig samengestelde plantenbakken en architectonische elementen:","L&#x27;aménagement est optimisé pour le climat andalou, alliant des couvre-sols en pierre nécessitant peu d&#x27;entretien à des jardinières soigneusement choisies et à des éléments architecturaux :"
garden:garden_sec1_item1,"Terrace and Garden Layout: Distributed across the second and third floors, featuring light-colored decorative gravel layers that help retain subsoil moisture and prevent weed growth.","Diseño de la terraza y el jardín: Distribuidos entre la segunda y la tercera planta, cuentan con capas de grava decorativa de color claro que ayudan a retener la humedad del subsuelo y a evitar el crecimiento de malas hierbas.","Indeling van het terras en de tuin: verdeeld over de tweede en derde verdieping, met lagen lichtgekleurd siergrind die helpen het vocht in de ondergrond vast te houden en onkruidgroei tegengaan.","Aménagement de la terrasse et du jardin : répartis entre le deuxième et le troisième étage, ils sont recouverts de couches de gravier décoratif de couleur claire qui contribuent à préserver l&#x27;humidité du sous-sol et à empêcher la prolifération des mauvaises herbes."
garden:garden_sec1_item2,"The Third-Floor Fountain: Located on the upper terrace (see Photo 11), this ornamental multi-tier stone fountain provides a beautiful focal point with expansive sea views. Please note: The fountain is currently out of operation; routine testing is required to verify pump status and functionality.","La fuente de la tercera planta: Situada en la terraza superior (véase la foto 11), esta fuente ornamental de piedra de varios niveles constituye un precioso punto de interés con amplias vistas al mar. Nota: La fuente se encuentra actualmente fuera de servicio; es necesario realizar pruebas de rutina para comprobar el estado y el funcionamiento de la bomba.","De fontein op de derde verdieping: Deze decoratieve stenen fontein met meerdere niveaus staat op het bovenste terras (zie foto 11) en vormt een prachtig blikpunt met een weids uitzicht op zee. Let op: de fontein is momenteel buiten gebruik; er zijn routinecontroles nodig om de toestand en werking van de pomp te verifiëren.","La fontaine du troisième étage : Située sur la terrasse supérieure (voir photo 11), cette fontaine ornementale en pierre à plusieurs niveaux constitue un magnifique point de mire offrant une vue imprenable sur la mer. Remarque : la fontaine est actuellement hors service ; des tests de routine sont nécessaires pour vérifier l&#x27;état et le bon fonctionnement de la pompe."
garden:garden_sec1_item3,"Garden Spotlights: Strategic exterior spots illuminate key architectural plants and structures during evening hours. Please note: Routine testing is required to verify that all spotlight circuits and bulbs are operating correctly.","Focos de jardín: Los focos exteriores estratégicos iluminan las plantas y estructuras arquitectónicas más destacadas durante las horas de la noche. Nota: Es necesario realizar pruebas periódicas para comprobar que todos los circuitos y bombillas de los focos funcionan correctamente.","Tuinspotlights: Strategisch geplaatste buitenspots verlichten ’s avonds belangrijke architectonische planten en bouwwerken. Let op: Er moeten regelmatig controles worden uitgevoerd om te controleren of alle spotcircuits en lampen correct functioneren.","Éclairage de jardin : Des projecteurs extérieurs stratégiquement placés mettent en valeur les plantes et les éléments architecturaux clés en soirée. Remarque : des tests réguliers sont nécessaires pour vérifier que tous les circuits et toutes les ampoules des projecteurs fonctionnent correctement."
garden:garden_sec1_title,"1. Overview of Floors 2 & 3, Fountain & Spotlights","1. Descripción general de las plantas 2 y 3, la fuente y los focos","1. Overzicht van de 2e en 3e verdieping, fontein en schijnwerpers","1. Présentation des étages 2 et 3, de la fontaine et des projecteurs"
garden:garden_sec2_intro,"To keep vegetation thriving through hot summer periods without manual intervention, an automated drip irrigation network has been installed across all planting zones:","Para que la vegetación se mantenga en buen estado durante los calurosos meses de verano sin necesidad de intervención manual, se ha instalado una red de riego por goteo automatizada en todas las zonas de plantación:","Om ervoor te zorgen dat de beplanting ook tijdens hete zomerperiodes goed blijft groeien zonder dat er handmatig ingegrepen hoeft te worden, is in alle beplantingszones een geautomatiseerd druppelirrigatiesysteem aangelegd:","Afin de permettre à la végétation de prospérer pendant les périodes estivales de forte chaleur sans intervention manuelle, un réseau d&#x27;irrigation goutte-à-goutte automatisé a été mis en place dans toutes les zones de plantation :"
garden:garden_sec2_item1,"Main Supply Lines & Manual Valves: Heavy-duty black polyethylene (PE) supply lines run discreetly along exterior walls and through planter beds (see Photo 1). Inline ball valves with wing handles allow specific zones to be manually isolated or opened when needed.","Tuberías principales de suministro y válvulas manuales: Las tuberías de suministro de polietileno (PE) negro de alta resistencia discurren de forma discreta a lo largo de las paredes exteriores y a través de los parterres (véase la foto 1). Las válvulas de bola en línea con manetas permiten aislar o abrir manualmente zonas específicas cuando sea necesario.","Hoofdtoevoerleidingen en handbediende kleppen: De robuuste zwarte polyethyleen (PE) toevoerleidingen lopen onopvallend langs de buitenmuren en door de plantenperken (zie foto 1). Met behulp van in-line kogelkranen met vleugelhendels kunnen specifieke zones indien nodig handmatig worden afgesloten of geopend.","Conduites d&#x27;alimentation principales et vannes manuelles : des conduites d&#x27;alimentation en polyéthylène (PE) noir très résistantes sont discrètement posées le long des murs extérieurs et à travers les parterres (voir photo 1). Des vannes à bille intégrées, dotées de poignées papillon, permettent d&#x27;isoler ou d&#x27;ouvrir manuellement certaines zones selon les besoins."
garden:garden_sec2_item2,"Adjustable Drip Emitters: Positioned directly at root zones, individual micro-emitters (recognizable by their adjustable green caps, see Photo 2) allow precise flow control, ensuring each plant receives its exact water requirement without waste.","Emisores de goteo ajustables: Situados directamente en la zona radicular, los microemisores individuales (reconocibles por sus tapones verdes ajustables; véase la foto 2) permiten un control preciso del caudal, lo que garantiza que cada planta reciba exactamente el agua que necesita sin desperdicio alguno.","Verstelbare druppelaars: De afzonderlijke microdruppelaars (herkenbaar aan hun verstelbare groene dopjes, zie foto 2) worden direct bij de wortelzone geplaatst en maken een nauwkeurige regeling van het debiet mogelijk, waardoor elke plant precies de benodigde hoeveelheid water krijgt zonder verspilling.","Émetteurs goutte-à-goutte réglables : placés directement au niveau des zones racinaires, les micro-émetteurs individuels (reconnaissables à leurs capuchons verts réglables, voir photo 2) permettent un contrôle précis du débit, garantissant ainsi que chaque plante reçoive exactement la quantité d&#x27;eau dont elle a besoin, sans gaspillage."
garden:garden_sec2_item3,"Planter Integration: Raised stone planters featuring leaf-relief patterns (seen on floors 2 and 3) are fully integrated into the automated drip network, ensuring potted specimens receive consistent hydration.","Integración de las jardineras: Las jardineras elevadas de piedra, decoradas con motivos en relieve de hojas (visibles en las plantas 2 y 3), están totalmente integradas en la red de riego por goteo automatizada, lo que garantiza que las plantas en maceta reciban un riego constante.","Integratie van plantenbakken: Verhoogde stenen plantenbakken met bladreliëfpatronen (te zien op de 2e en 3e verdieping) zijn volledig geïntegreerd in het geautomatiseerde druppelirrigatiesysteem, waardoor de potplanten een constante watertoevoer krijgen.","Intégration des jardinières : les jardinières surélevées en pierre ornées de motifs en relief représentant des feuilles (visibles aux 2e et 3e étages) sont entièrement intégrées au réseau d&#x27;arrosage goutte-à-goutte automatisé, garantissant ainsi un arrosage régulier des plantes en pot."
garden:garden_sec2_title,"2. How the Automated Irrigation System Works","2. Cómo funciona el sistema de riego automático","2. Hoe het geautomatiseerde irrigatiesysteem werkt","2. Comment fonctionne le système d&#x27;arrosage automatisé ?"
garden:garden_sec3_intro,"Detailed reference guide for every plant and tree located in the garden and planters:","Guía de referencia detallada de todas las plantas y árboles que hay en el jardín y en las jardineras:","Uitgebreide naslaggids voor alle planten en bomen in de tuin en in de plantenbakken:","Guide de référence détaillé pour chaque plante et chaque arbre présents dans le jardin et les jardinières :"
garden:garden_sec3_title,"3. Plant Directory: Species, Characteristics & Care","3. Directorio de plantas: especies, características y cuidados","3. Plantengids: Soorten, kenmerken en verzorging","3. Répertoire des plantes : espèces, caractéristiques et entretien"
garden:garden_title,"Garden, Planters & Automated Irrigation System","Jardín, macetas y sistema de riego automático","Tuin, plantenbakken en geautomatiseerd irrigatiesysteem","Jardin, jardinières et système d&#x27;arrosage automatique"
garden:nav_about,"About","Acerca de","Over","À propos"
garden:nav_contacts,"Contacts","Contactos","Contactpersonen","Contacts"
garden:nav_documents,"Documents","Documentos","Documenten","Documents"
garden:nav_electricity,"Electricity","Electricidad","Elektriciteit","Électricité"
garden:nav_elevator,"Elevator","Ascensor","Lift","Ascenseur"
garden:nav_emergency,"Emergency","Emergencia","Noodsituatie","Urgence"
garden:nav_garage,"Garage & Gate","Garaje y puerta","Garage &amp; Poort","Garage et portail"
garden:nav_garden,"Garden & Irrigation","Jardinería y riego","Tuin &amp; Irrigatie","Jardin et arrosage"
garden:nav_home,"Home","Inicio","Home","Accueil"
garden:nav_insurance,"Insurance","Seguros","Verzekering","Assurance"
garden:nav_internet,"Internet","Internet","Internet","Internet"
garden:nav_keys,"Technical Room Keys","Claves técnicas de la sala","Sleutels voor technische ruimtes","Clés des locaux techniques"
garden:nav_maintenance,"Maintenance","Mantenimiento","Onderhoud","Maintenance"
garden:nav_water,"Water","Agua","Water","Eau"
garden:title,"Mirador del Mar – Palomares","Mirador del Mar – Palomares","Mirador del Mar – Palomares","Mirador del Mar – Palomares"
index:card_about_desc,"General portal information for property owners.","Información general sobre el portal para propietarios.","Algemene informatie op het portaal voor eigenaren van onroerend goed.","Informations générales sur le portail destinées aux propriétaires."
index:card_contacts_desc,"Contact details for property management and emergencies.","Datos de contacto para la gestión inmobiliaria y en caso de emergencia.","Contactgegevens voor vastgoedbeheer en noodgevallen.","Coordonnées pour la gestion immobilière et les urgences."
index:card_documents_desc,"Draft building regulations ready for review and discussion.","El borrador de la normativa de construcción está listo para su revisión y debate.","Ontwerp van bouwvoorschriften klaar voor beoordeling en bespreking.","Projet de règlement de construction prêt à être examiné et débattu."
index:card_electricity_desc,"Details regarding meters, consumer units and infrastructure.","Información sobre contadores, cuadros de distribución e infraestructura.","Details over meters, verdeelkasten en infrastructuur.","Informations détaillées concernant les compteurs, les tableaux électriques et les infrastructures."
index:card_elevator_desc,"Elevator safety, emergency intercom, Otis specs, and door sensors.","Seguridad de los ascensores, intercomunicador de emergencia, especificaciones de Otis y sensores de puertas.","Liftveiligheid, noodintercom, technische specificaties van Otis en deursensoren.","Sécurité des ascenseurs, interphone d&#x27;urgence, caractéristiques techniques Otis et capteurs de porte."
index:card_emergency_desc,"Critical emergency numbers for Palomares & Vera region.","Números de emergencia imprescindibles para la región de Palomares y Vera.","Belangrijke noodnummers voor de regio Palomares en Vera.","Numéros d&#x27;urgence indispensables pour la région de Palomares et Vera."
index:card_garage_desc,"Nice Spin motor operations, emergency manual opening, and remotes.","Funcionamiento del motor «Nice Spin», apertura manual de emergencia y mandos a distancia.","Goede werking van de Spin-motor, handmatige noodontgrendeling en afstandsbedieningen.","Fonctionnement du moteur « Nice Spin », ouverture manuelle d&#x27;urgence et télécommandes."
index:card_garden_desc,"Communal garden layout, terrace planters, and automatic watering schedules.","Diseño de jardines comunitarios, jardineras para terrazas y programas de riego automático.","De indeling van de gemeenschappelijke tuin, plantenbakken op het terras en automatische besproeiingsschema’s.","Aménagement du jardin commun, jardinières de terrasse et programmes d&#x27;arrosage automatique."
index:card_insurance_desc,"The official building insurance document for Mirador del Mar.","El documento oficial del seguro del edificio «Mirador del Mar».","Het officiële verzekeringsdocument voor het gebouw Mirador del Mar.","Le document officiel d&#x27;assurance du bâtiment « Mirador del Mar »."
index:card_internet_desc,"Details of network infrastructure, full fibre and routers.","Información detallada sobre la infraestructura de red, la fibra óptica y los routers.","Informatie over de netwerkinfrastructuur, glasvezelverbindingen en routers.","Informations détaillées sur l&#x27;infrastructure réseau, la fibre optique et les routeurs."
index:card_keys_desc,"Information on technical keys and service rooms.","Información sobre llaves técnicas y salas de servicio.","Informatie over technische sleutels en dienstruimten.","Informations sur les locaux techniques et les locaux de service."
index:card_maintenance_desc,"General maintenance and cleaning information.","Información general sobre mantenimiento y limpieza.","Algemene informatie over onderhoud en schoonmaak.","Informations générales sur l&#x27;entretien et le nettoyage."
index:card_water_desc,"Details on mains supply, isolation valves and emergencies.","Información sobre el suministro de red, las válvulas de aislamiento y las situaciones de emergencia.","Informatie over de netvoeding, afsluitkleppen en noodsituaties.","Informations détaillées concernant l&#x27;alimentation électrique, les vannes d&#x27;isolement et les situations d&#x27;urgence."
index:nav_about,"About","Acerca de","Over","À propos"
index:nav_contacts,"Contacts","Contactos","Contactpersonen","Contacts"
index:nav_documents,"Documents","Documentos","Documenten","Documents"
index:nav_electricity,"Electricity","Electricidad","Elektriciteit","Électricité"
index:nav_elevator,"Elevator","Ascensor","Lift","Ascenseur"
index:nav_emergency,"Emergency","Emergencia","Noodsituatie","Urgence"
index:nav_garage,"Garage & Gate","Garaje y puerta","Garage &amp; Poort","Garage et portail"
index:nav_garden,"Garden & Irrigation","Jardinería y riego","Tuin &amp; Irrigatie","Jardin et arrosage"
index:nav_home,"Home","Inicio","Home","Accueil"
index:nav_insurance,"Insurance","Seguros","Verzekeringen","Assurance"
index:nav_internet,"Internet","Internet","Internet","Internet"
index:nav_keys,"Keys & Access","Llaves y acceso","Sleutels &amp; Toegang","Clés et accès"
index:nav_maintenance,"Maintenance","Mantenimiento","Onderhoud","Maintenance"
index:nav_water,"Water","Agua","Water","Eau"
index:title,"Mirador del Mar – Palomares","Mirador del Mar – Palomares","Mirador del Mar – Palomares","Mirador del Mar – Palomares"
index:welcome_sub,"Select a section below to access information and documents.","Selecciona una de las secciones siguientes para acceder a la información y a los documentos.","Kies hieronder een rubriek om informatie en documenten te bekijken.","Sélectionnez une rubrique ci-dessous pour accéder aux informations et aux documents."
index:welcome_title,"Building Information Portal","Portal de información sobre edificios","Informatieportaal voor gebouwen","Portail d&#x27;informations sur les bâtiments"
insurance:insurance_pdf,"Insurance Document (PDF)","Documento del seguro (PDF)","Verzekeringsdocument (PDF)","Document d&#x27;assurance (PDF)"
insurance:insurance_text,"The official insurance document for Mirador del Mar.","El documento oficial del seguro de Mirador del Mar.","Het officiële verzekeringsdocument voor Mirador del Mar.","Le document d&#x27;assurance officiel du Mirador del Mar."
insurance:insurance_title,"Building Insurance","Seguro de edificios","Gebouwverzekering","Assurance des bâtiments"
insurance:nav_about,"About","Acerca de","Over","À propos"
insurance:nav_contacts,"Contacts","Contactos","Contactpersonen","Contacts"
insurance:nav_documents,"Documents","Documentos","Documenten","Documents"
insurance:nav_electricity,"Electricity","Electricidad","Elektriciteit","Électricité"
insurance:nav_elevator,"Elevator","Ascensor","Lift","Ascenseur"
insurance:nav_emergency,"Emergency","Emergencia","Noodsituatie","Urgence"
insurance:nav_garage,"Garage & Gate","Garaje y puerta","Garage &amp; Poort","Garage et portail"
insurance:nav_garden,"Garden & Irrigation","Jardinería y riego","Tuin &amp; Irrigatie","Jardin et arrosage"
insurance:nav_home,"Home","Inicio","Home","Accueil"
insurance:nav_insurance,"Insurance","Seguros","Verzekering","Assurance"
insurance:nav_internet,"Internet","Internet","Internet","Internet"
insurance:nav_keys,"Technical Room Keys","Claves técnicas de la sala","Sleutels voor technische ruimtes","Clés des locaux techniques"
insurance:nav_maintenance,"Maintenance","Mantenimiento","Onderhoud","Maintenance"
insurance:nav_water,"Water","Agua","Water","Eau"
insurance:title,"Mirador del Mar – Palomares","Mirador del Mar – Palomares","Mirador del Mar – Palomares","Mirador del Mar – Palomares"
internet:internet_capacity,"Splitter Capacity: 1:8 Splitter Box (Accommodates up to 8 active subscriber lines)","Capacidad del divisor: Caja divisora 1:8 (admite hasta 8 líneas de abonado activas)","Capaciteit van de splitter: 1:8-splitterbox (geschikt voor maximaal 8 actieve abonneelijnen)","Capacité du répartiteur : répartiteur 1:8 (pouvant prendre en charge jusqu&#x27;à 8 lignes d&#x27;abonnés actives)"
internet:internet_gallery_title,"Installation Reference Photos","Fotos de referencia de la instalación","Foto’s ter illustratie van de installatie","Photos de référence de l&#x27;installation"
internet:internet_guide_intro,"To ensure a smooth deployment when activating a new subscriber line within the complex, technicians should follow the standardized routing paths outlined below:","Para garantizar una instalación sin problemas al activar una nueva línea de abonado dentro del complejo, los técnicos deben seguir las rutas estandarizadas que se describen a continuación:","Om een soepele implementatie te garanderen bij het activeren van een nieuwe abonneelijn binnen het complex, dienen technici de hieronder beschreven gestandaardiseerde routingspaden te volgen:","Afin de garantir un déploiement sans heurts lors de l&#x27;activation d&#x27;une nouvelle ligne d&#x27;abonné au sein du complexe, les techniciens doivent suivre les itinéraires standardisés décrits ci-dessous :"
internet:internet_guide_title,"Fiber Installation Guide (For Technicians)","Guía de instalación de fibra óptica (para técnicos)","Handleiding voor de installatie van glasvezel (voor technici)","Guide d&#x27;installation de la fibre optique (destiné aux techniciens)"
internet:internet_photo_1,"Main Technical Room – Fiber Splitter Box (Enclosed)","Sala técnica principal – Caja divisora de fibra óptica (cerrada)","Hoofdtechnische ruimte – Glasvezelverdelerkast (afgesloten)","Salle technique principale – Boîtier de répartition de fibre optique (en caisson)"
internet:internet_photo_2,"Avanza 1:8 Splitter Box (Internal Dashboard View)","Caja de derivación Avanza 1:8 (vista interna del salpicadero)","Avanza 1:8-splitterbox (interieurbeeld vanaf het dashboard)","Boîtier de dérivation Avanza 1:8 (vue interne du tableau de bord)"
internet:internet_photo_3,"Floor Technical Cabinet & Apartment Entry Point","Armario técnico de planta y punto de entrada al piso","Technische kast op de verdieping en toegangspunt van het appartement","Armoire technique au rez-de-chaussée et point d&#x27;entrée de l&#x27;appartement"
internet:internet_photo_4,"Ceiling Distribution Box (-1 Garage Level, near Elevator)","Caja de distribución de techo (nivel -1 del garaje, cerca del ascensor)","Verdeelkast aan het plafond (-1 garageniveau, bij de lift)","Boîtier de dérivation au plafond (niveau -1 du garage, près de l&#x27;ascenseur)"
internet:internet_photo_lbl_1,"Photo 1:","Foto 1:","Foto 1:","Photo 1 :"
internet:internet_photo_lbl_2,"Photo 2:","Foto 2:","Foto 2:","Photo 2 :"
internet:internet_photo_lbl_3,"Photo 3:","Foto 3:","Foto 3:","Photo 3 :"
internet:internet_photo_lbl_4,"Photo 4:","Foto 4:","Foto 4:","Photo 4 :"
internet:internet_provider_title,"Provider & System Architecture","Proveedor y arquitectura del sistema","Provider- en systeemarchitectuur","Fournisseurs et architecture système"
internet:internet_step_1,"Accessing the Main Technical Room: Fiber feeds enter the building at the far end of the underground garage (-1 level). As this room remains locked for security, physical access keys must be obtained directly from Rudi (App 3B, Mobile: +32488421402) or Francisca (App 3A|4A, WhatsApp only: +34677549202).","Acceso a la sala técnica principal: Las entradas de fibra óptica acceden al edificio por el extremo más alejado del aparcamiento subterráneo (nivel -1). Dado que esta sala permanece cerrada con llave por motivos de seguridad, las llaves de acceso físico deben solicitarse directamente a Rudi (despacho 3B, móvil: +32488421402) o a Francisca (despacho 3A|4A, solo por WhatsApp: +34677549202).","Toegang tot de hoofdtechnische ruimte: De glasvezelkabels komen het gebouw binnen aan het uiteinde van de ondergrondse parkeergarage (niveau -1). Aangezien deze ruimte om veiligheidsredenen afgesloten blijft, moeten fysieke sleutels rechtstreeks worden aangevraagd bij Rudi (App 3B, mobiel: +32488421402) of Francisca (App 3A|4A, uitsluitend via WhatsApp: +34677549202).","Accès à la salle technique principale : les câbles à fibre optique pénètrent dans le bâtiment à l&#x27;extrémité du parking souterrain (niveau -1). Cette salle étant verrouillée pour des raisons de sécurité, les clés d&#x27;accès physique doivent être obtenues directement auprès de Rudi (App 3B, portable : +32488421402) ou de Francisca (App 3A|4A, WhatsApp uniquement : +34677549202)."
internet:internet_step_2,"Connecting to the Splitter Box: Inside the technical room, fiber optic splitter boxes are mounted securely along the right-hand wall. Provider networks (such as Avanza Fibra) utilize a 1:8 ratio splitter box (refer to Photo 1 & 2).","Conexión a la caja divisora: En el interior de la sala técnica, las cajas divisoras de fibra óptica están fijadas de forma segura a lo largo de la pared derecha. Las redes de los proveedores (como Avanza Fibra) utilizan una caja divisora con una relación de 1:8 (véanse las fotos 1 y 2).","Aansluiting op de splitterbox: In de technische ruimte zijn glasvezel-splitterboxen stevig bevestigd langs de rechterwand. Netwerken van providers (zoals Avanza Fibra) maken gebruik van een splitterbox met een verhouding van 1:8 (zie foto 1 en 2).","Raccordement au répartiteur : À l&#x27;intérieur du local technique, les répartiteurs à fibre optique sont solidement fixés le long du mur de droite. Les réseaux des fournisseurs (tels qu&#x27;Avanza Fibra) utilisent un répartiteur avec un rapport de 1:8 (voir photos 1 et 2)."
internet:internet_step_3,"Routing from Floor Cabinets: The cleanest distribution path begins at the floor-level technical cabinet (accessible behind the white square door on the left wall adjacent to the elevator). Please note: Cabinet doors on the 2nd and 3rd floors are currently awaiting repair; once restored, access keys will be accessible via the central garage keybox.","Trazado desde los armarios del suelo: La ruta de distribución más ordenada comienza en el armario técnico situado a nivel del suelo (accesible tras la puerta cuadrada blanca de la pared izquierda, junto al ascensor). Nota: Las puertas de los armarios de la 2.ª y la 3.ª planta están actualmente a la espera de reparación; una vez reparadas, las llaves de acceso estarán disponibles en la caja de llaves central del garaje.","Kabelgeleiding vanuit vloerkasten: De meest overzichtelijke distributieroute begint bij de technische kast op vloerniveau (toegankelijk via de witte vierkante deur aan de linkerwand naast de lift). Let op: de kastdeuren op de 2e en 3e verdieping worden momenteel gerepareerd; zodra ze weer in orde zijn, zijn de sleutels verkrijgbaar via de centrale sleutelkast in de garage.","Acheminement depuis les armoires au rez-de-chaussée : le parcours de distribution le plus simple part de l&#x27;armoire technique située au rez-de-chaussée (accessible derrière la porte carrée blanche sur le mur de gauche, à côté de l&#x27;ascenseur). Remarque : les portes des armoires des 2e et 3e étages sont actuellement en attente de réparation ; une fois celles-ci réparées, les clés d&#x27;accès seront disponibles dans la boîte à clés centrale du garage."
internet:internet_step_4,"Pulling Cable Down to Level -1: From the designated floor cabinet, guide the fiber patch cable downward toward the -1 garage level. Open the white junction box mounted on the ceiling to the left of the elevator (see Photo 4), which leads straight into the main technical room.","Tender el cable hasta el nivel -1: Desde el armario de planta designado, guía el cable de conexión de fibra óptica hacia abajo, en dirección al nivel -1 del garaje. Abre la caja de conexiones blanca instalada en el techo, a la izquierda del ascensor (véase la foto 4), que da acceso directo a la sala técnica principal.","Kabel naar niveau -1 trekken: Leid de glasvezel-patchkabel vanuit de daarvoor bestemde vloerkast naar beneden, richting garageniveau -1. Open de witte aansluitdoos die links van de lift aan het plafond is bevestigd (zie foto 4); deze komt rechtstreeks uit in de hoofdtechnische ruimte.","Acheminement du câble jusqu&#x27;au niveau -1 : À partir de l&#x27;armoire au sol prévue à cet effet, faites passer le câble de raccordement à fibre optique vers le bas, en direction du niveau -1 du parking. Ouvrez le coffret de dérivation blanc fixé au plafond à gauche de l&#x27;ascenseur (voir photo 4), qui donne directement sur la salle technique principale."
internet:internet_step_5,"Apartment Ingress: The subscriber end of the fiber line enters the apartment via the hidden internal technical cabinet positioned immediately adjacent to the main entry door (see Photo 3).","Acceso a la vivienda: El extremo de la línea de fibra óptica destinado al abonado entra en la vivienda a través del armario técnico interno oculto situado justo al lado de la puerta de entrada principal (véase la foto 3).","Toegang tot het appartement: Het abonnee-uiteinde van de glasvezelkabel komt het appartement binnen via de verborgen interne technische kast die direct naast de hoofdingang is geplaatst (zie foto 3).","Accès à l&#x27;appartement : l&#x27;extrémité côté abonné de la ligne à fibre optique pénètre dans l&#x27;appartement par l&#x27;armoire technique interne dissimulée, située juste à côté de la porte d&#x27;entrée principale (voir photo 3)."
internet:internet_text,"Comprehensive information regarding fiber optics (FTTH), splitter box capacity, local routing, and technician installation guidelines.","Información detallada sobre fibra óptica (FTTH), capacidad de las cajas divisoras, enrutamiento local y directrices de instalación para los técnicos.","Uitgebreide informatie over glasvezel (FTTH), de capaciteit van splitterkasten, lokale routering en installatierichtlijnen voor technici.","Informations complètes concernant la fibre optique (FTTH), la capacité des boîtiers de répartition, le routage local et les consignes d&#x27;installation destinées aux techniciens."
internet:internet_title,"Internet & Telecom Infrastructure","Infraestructura de Internet y telecomunicaciones","Internet- en telecominfrastructuur","Infrastructures Internet et de télécommunications"
internet:internet_type,"Connection Type: High-speed Fiber Optic (FTTH)","Tipo de conexión: Fibra óptica de alta velocidad (FTTH)","Aansluitingstype: hogesnelheidsglasvezel (FTTH)","Type de connexion : fibre optique haut débit (FTTH)"
internet:nav_about,"About","Acerca de","Over","À propos"
internet:nav_contacts,"Contacts","Contactos","Contactpersonen","Contacts"
internet:nav_documents,"Documents","Documentos","Documenten","Documents"
internet:nav_electricity,"Electricity","Electricidad","Elektriciteit","Électricité"
internet:nav_elevator,"Elevator","Ascensor","Lift","Ascenseur"
internet:nav_emergency,"Emergency","Emergencia","Noodsituatie","Urgence"
internet:nav_garage,"Garage & Gate","Garaje y puerta","Garage &amp; Poort","Garage et portail"
internet:nav_garden,"Garden & Irrigation","Jardinería y riego","Tuin &amp; Irrigatie","Jardin et arrosage"
internet:nav_home,"Home","Inicio","Home","Accueil"
internet:nav_insurance,"Insurance","Seguros","Verzekering","Assurance"
internet:nav_internet,"Internet","Internet","Internet","Internet"
internet:nav_keys,"Technical Room Keys","Claves técnicas de sala","Sleutels voor technische ruimtes","Clés des locaux techniques"
internet:nav_maintenance,"Maintenance","Mantenimiento","Onderhoud","Maintenance"
internet:nav_water,"Water","Agua","Water","Eau"
internet:title,"Mirador del Mar – Palomares","Mirador del Mar – Palomares","Mirador del Mar – Palomares","Mirador del Mar – Palomares"
keys:keys_contacts_title,"1. Key & Locksmith Contacts","1. Contactos de cerrajeros y servicios de llaves","1. Contactgegevens voor sleutels en slotenmakers","1. Coordonnées des serruriers et des fabricants de clés"
keys:keys_elec_holder,"Key Holder: Key safe / Property Manager / Utility company.","Responsable de las llaves: Caja fuerte para llaves / Administrador de la finca / Empresa de servicios públicos.","Sleutelbeheerder: Sleutelkluis / Vastgoedbeheerder / Nutsbedrijf.","Détenteur des clés : coffre-fort à clés / gestionnaire immobilier / fournisseur d&#x27;énergie."
keys:keys_elec_loc,"Location: Outdoor, located at the entrance to the underground car park on the right-hand side.","Ubicación: Al aire libre, situado a la derecha, a la entrada del aparcamiento subterráneo.","Locatie: Buiten, aan de rechterkant bij de ingang van de ondergrondse parkeergarage.","Emplacement : à l&#x27;extérieur, à l&#x27;entrée du parking souterrain, sur la droite."
keys:keys_elec_purpose,"Purpose: Main electrical panels, smart digital utility meters, and general circuit breakers.","Finalidad: Cuadros eléctricos principales, contadores digitales inteligentes de servicios públicos e interruptores automáticos generales.","Doel: Hoofdschakelkasten, slimme digitale energiemeters en algemene stroomonderbrekers.","Utilisation : tableaux électriques principaux, compteurs numériques intelligents et disjoncteurs généraux."
keys:keys_elec_title,"Main Electricity Cabinet","Armario eléctrico principal","Hoofdschakelkast","Armoire électrique principale"
keys:keys_locksmith_email,"Email: munozcerrajeros@gmail.com","Correo electrónico: munozcerrajeros@gmail.com","E-mail: munozcerrajeros@gmail.com","E-mail : munozcerrajeros@gmail.com"
keys:keys_locksmith_hours,"Service: 24/7 Emergency Service","Servicio: Servicio de emergencia 24 horas al día, 7 días a la semana","Dienst: 24/7 noodhulpdienst","Service : Service d&#x27;urgence 24 h/24, 7 j/7"
keys:keys_locksmith_name,"Muñoz Cerrajeros","Muñoz Cerrajeros","Muñoz Slotenmakers","Muñoz Serruriers"
keys:keys_locksmith_phone,"Phone: +34 622 68 68 77","Teléfono: +34 622 68 68 77","Telefoon: +34 622 68 68 77","Téléphone : +34 622 68 68 77"
keys:keys_locksmith_title,"24h Local Locksmith (Vera)","Cerrajero local 24 horas (Vera)","24-uurs lokale slotenmaker (Vera)","Serrurier local disponible 24h/24 (Vera)"
keys:keys_locksmith_whatsapp,"WhatsApp: +34 622 68 68 77","WhatsApp: +34 622 68 68 77","WhatsApp: +34 622 68 68 77","WhatsApp : +34 622 68 68 77"
keys:keys_manager_contact_francisca,"Key Holder (App 3A/4A - Francisca): +34 677 549 202 (WhatsApp only)","Responsable de llaves (App 3A/4A - Francisca): +34 677 549 202 (solo WhatsApp)","Sleutelbeheerder (App 3A/4A - Francisca): +34 677 549 202 (alleen via WhatsApp)","Responsable des clés (App 3A/4A - Francisca) : +34 677 549 202 (WhatsApp uniquement)"
keys:keys_manager_contact_rudi,"Key Holder (App 3B - Rudi): +32 488 421 402","Responsable de llaves (Anexo 3B - Rudi): +32 488 421 402","Sleutelbeheerder (App 3B - Rudi): +32 488 421 402","Responsable des clés (Annexe 3B - Rudi) : +32 488 421 402"
keys:keys_manager_name,"Building Management (Vera)","Gestión de edificios (Vera)","Gebouwbeheer (Vera)","Gestion des bâtiments (Vera)"
keys:keys_manager_title,"Property Management & Technical Key Holders","Gestión inmobiliaria y responsables técnicos de llaves","Vastgoedbeheer en technische sleutelbeheerders","Gestion immobilière et responsables techniques des clés"
keys:keys_page_subtitle,"Emergency contacts, locksmith details, and locations of technical cabinets and key holders.","Contactos de emergencia, datos del cerrajero y ubicación de los armarios técnicos y de los responsables de las llaves.","Contactgegevens voor noodgevallen, gegevens van de slotenmaker en de locaties van technische kasten en sleutelhouders.","Coordonnées des personnes à contacter en cas d&#x27;urgence, coordonnées du serrurier et emplacements des armoires techniques et des porte-clés."
keys:keys_page_title,"Keys & Access","Llaves y acceso","Sleutels en toegang","Clés et accès"
keys:keys_tech_intro,"Exact locations and key access for all building technical systems.","Ubicaciones exactas y claves de acceso para todos los sistemas técnicos del edificio.","De exacte locaties en de sleutels voor alle gebouwtechnische systemen.","Emplacements précis et clés d&#x27;accès pour l&#x27;ensemble des installations techniques du bâtiment."
keys:keys_tech_title,"2. Technical Cabinets & Infrastructure","2. Armarios técnicos e infraestructura","2. Technische kasten en infrastructuur","2. Armoires techniques et infrastructures"
keys:keys_tel_holder,"Key Holder: Rudi (App 3B) / Francisca (App 3A/4A) / Telecom installer.","Responsables de las llaves: Rudi (apartamento 3B) / Francisca (apartamentos 3A y 4A) / Instalador de telecomunicaciones.","Sleutelbeheerder: Rudi (App 3B) / Francisca (App 3A/4A) / Telecominstallateur.","Responsables des clés : Rudi (appartement 3B) / Francisca (appartements 3A et 4A) / Installateur télécoms."
keys:keys_tel_loc,"Location: Back / far end of the underground car park (basement level -1).","Ubicación: Parte trasera / extremo más alejado del aparcamiento subterráneo (planta -1).","Locatie: Achterin / helemaal achteraan de ondergrondse parkeergarage (kelderverdieping -1).","Emplacement : au fond du parking souterrain (niveau -1)."
keys:keys_tel_purpose,"Purpose: Main fibre distribution splitters (Avanza 1:8), TV amplifiers, and telecom network risers.","Finalidad: Distribuidores principales de fibra óptica (Avanza 1:8), amplificadores de televisión y conductos verticales de redes de telecomunicaciones.","Doel: Hoofdverdelers voor glasvezel (Avanza 1:8), tv-versterkers en stijgleidingen voor telecommunicatienetwerken.","Utilisation : Répartiteurs principaux de fibres optiques (Avanza 1:8), amplificateurs TV et colonnes montantes de réseaux de télécommunications."
keys:keys_tel_title,"Telecommunications Room (RITI)","Sala de telecomunicaciones (RITI)","Telecommunicatieruimte (RITI)","Salle des télécommunications (RITI)"
keys:keys_water_holder,"Key Holder: Key safe / Property Manager / Galasa technicians.","Responsables de las llaves: Caja fuerte de llaves / Administrador de la finca / Técnicos de Galasa.","Sleutelbeheerder: Sleutelkluis / Vastgoedbeheerder / Technici van Galasa.","Détenteurs des clés : coffre-fort à clés / gestionnaire immobilier / techniciens Galasa."
keys:keys_water_loc,"Location: Outdoor, located at the entrance to the underground car park on the left-hand side.","Ubicación: Al aire libre, situado a la entrada del aparcamiento subterráneo, a la izquierda.","Locatie: Buiten, aan de linkerkant bij de ingang van de ondergrondse parkeergarage.","Emplacement : à l&#x27;extérieur, situé à l&#x27;entrée du parking souterrain, sur la gauche."
keys:keys_water_purpose,"Purpose: Main blue isolation valve, individual apartment meters (1A-4D), communal area meter ('14 LOCAL'), and pool supply valve.","Finalidad: Válvula de aislamiento principal de agua azul, contadores individuales de los apartamentos (1A-4D), contador de las zonas comunes («14 LOCAL») y válvula de alimentación de la piscina.","Doel: Hoofdafsluitklep voor blauw, meterstanden per appartement (1A-4D), meterstand gemeenschappelijke ruimtes (‘14 LOCAL’) en toevoerklep zwembad.","Objectif : vanne d&#x27;isolement principale bleue, compteurs individuels des appartements (1A-4D), compteur des parties communes (« 14 LOCAL ») et vanne d&#x27;alimentation de la piscine."
keys:keys_water_title,"Main Water Cabinet","Armario principal de agua","Hoofdwaterkast","Armoire principale d&#x27;alimentation en eau"
keys:nav_about,"About","Acerca de","Over","À propos"
keys:nav_contacts,"Contacts","Contactos","Contactpersonen","Contacts"
keys:nav_documents,"Documents","Documentos","Documenten","Documents"
keys:nav_electricity,"Electricity","Electricidad","Elektriciteit","Électricité"
keys:nav_elevator,"Elevator","Ascensor","Lift","Ascenseur"
keys:nav_emergency,"Emergency","Emergencia","Noodsituatie","Urgence"
keys:nav_garage,"Garage & Gate","Garaje y verja","Garage &amp; Poort","Garage et portail"
keys:nav_garden,"Garden & Irrigation","Jardinería y riego","Tuin &amp; Irrigatie","Jardin et arrosage"
keys:nav_home,"Home","Inicio","Home","Accueil"
keys:nav_insurance,"Insurance","Seguros","Verzekeringen","Assurance"
keys:nav_internet,"Internet","Internet","Internet","Internet"
keys:nav_keys,"Keys & Access","Llaves y acceso","Sleutels en toegang","Clés et accès"
keys:nav_maintenance,"Maintenance","Mantenimiento","Onderhoud","Maintenance"
keys:nav_water,"Water","Agua","Water","Eau"
keys:title,"Mirador del Mar – Palomares","Mirador del Mar – Palomares","Mirador del Mar – Palomares","Mirador del Mar – Palomares"
maintenance:maintenance_cleaning,"Cleaning schedule: (Add details)","Calendario de limpieza: (Añadir detalles)","Schoonmaakschema: (Voeg details toe)","Calendrier de nettoyage : (Ajouter des détails)"
maintenance:maintenance_company,"Responsible company: (Add name)","Empresa responsable: (Añadir nombre)","Verantwoordelijke onderneming: (naam invullen)","Entreprise responsable : (Ajouter le nom)"
maintenance:maintenance_garden,"Garden maintenance: (Add contractor)","Mantenimiento del jardín: (Añadir contratista)","Tuinonderhoud: (Aannemer toevoegen)","Entretien du jardin : (Ajouter un prestataire)"
maintenance:maintenance_loc,"Maintenance room: (Add details)","Sala de mantenimiento: (Añadir detalles)","Onderhoudsruimte: (Details toevoegen)","Local d&#x27;entretien : (Ajouter des détails)"
maintenance:maintenance_pool,"Pool maintenance: José +34 691 66 22 67","Mantenimiento de piscinas: José +34 691 66 22 67","Zwembadonderhoud: José +34 691 66 22 67","Entretien de piscine : José +34 691 66 22 67"
maintenance:maintenance_text,"General maintenance information for Mirador del Mar.","Información general sobre el mantenimiento del Mirador del Mar.","Algemene onderhoudsinformatie voor Mirador del Mar.","Informations générales sur l&#x27;entretien du Mirador del Mar."
maintenance:maintenance_title,"Maintenance","Mantenimiento","Onderhoud","Maintenance"
maintenance:nav_about,"About","Acerca de","Over","À propos"
maintenance:nav_contacts,"Contacts","Contactos","Contactpersonen","Contacts"
maintenance:nav_documents,"Documents","Documentos","Documenten","Documents"
maintenance:nav_electricity,"Electricity","Electricidad","Elektriciteit","Électricité"
maintenance:nav_elevator,"Elevator","Ascensor","Lift","Ascenseur"
maintenance:nav_emergency,"Emergency","Emergencia","Noodsituatie","Urgence"
maintenance:nav_garage,"Garage & Gate","Garaje y puerta","Garage &amp; Poort","Garage et portail"
maintenance:nav_garden,"Garden & Irrigation","Jardinería y riego","Tuin &amp; Irrigatie","Jardin et arrosage"
maintenance:nav_home,"Home","Inicio","Home","Accueil"
maintenance:nav_insurance,"Insurance","Seguros","Verzekering","Assurance"
maintenance:nav_internet,"Internet","Internet","Internet","Internet"
maintenance:nav_keys,"Technical Room Keys","Claves técnicas de la sala","Sleutels voor technische ruimtes","Clés techniques des salles"
maintenance:nav_maintenance,"Maintenance","Mantenimiento","Onderhoud","Maintenance"
maintenance:nav_water,"Water","Agua","Water","Eau"
maintenance:title,"Mirador del Mar – Palomares","Mirador del Mar – Palomares","Mirador del Mar – Palomares","Mirador del Mar – Palomares"
water:nav_about,"About","Acerca de","Over","À propos"
water:nav_contacts,"Contacts","Contactos","Contactpersonen","Contacts"
water:nav_documents,"Documents","Documentos","Documenten","Documents"
water:nav_electricity,"Electricity","Electricidad","Elektriciteit","Électricité"
water:nav_elevator,"Elevator","Ascensor","Lift","Ascenseur"
water:nav_emergency,"Emergency","Emergencia","Noodsituatie","Urgence"
water:nav_garage,"Garage & Gate","Garaje y puerta","Garage &amp; Poort","Garage et portail"
water:nav_garden,"Garden & Irrigation","Jardinería y riego","Tuin &amp; Irrigatie","Jardin et arrosage"
water:nav_home,"Home","Inicio","Home","Accueil"
water:nav_insurance,"Insurance","Seguros","Verzekering","Assurance"
water:nav_internet,"Internet","Internet","Internet","Internet"
water:nav_keys,"Technical Room Keys","Claves técnicas de la sala","Sleutels voor de technische ruimte","Clés techniques des salles"
water:nav_maintenance,"Maintenance","Mantenimiento","Onderhoud","Maintenance"
water:nav_water,"Water","Agua","Water","Eau"
water:title,"Mirador del Mar – Palomares","Mirador del Mar – Palomares","Mirador del Mar – Palomares","Mirador del Mar – Palomares"
water:water_boiler_danger_lbl,"230V Electrical Hazard:","Riesgo eléctrico de 230 V:","Gevaar door 230 V-stroom:","Risque électrique 230 V :"
water:water_boiler_danger_text,"The thermal reset button sits adjacent to live electrical terminals. Never remove the protective cover yourself. Contact our certified local plumber via WhatsApp at +34 666 70 19 80.","El botón de reinicio térmico se encuentra junto a unos terminales eléctricos bajo tensión. No retires nunca la cubierta protectora por tu cuenta. Ponte en contacto con nuestro fontanero local certificado a través de WhatsApp en el +34 666 70 19 80.","De thermische resetknop bevindt zich vlak naast stroomvoerende aansluitingen. Verwijder de beschermkap nooit zelf. Neem via WhatsApp contact op met onze gecertificeerde lokale loodgieter op +34 666 70 19 80.","Le bouton de réinitialisation thermique se trouve à proximité immédiate de bornes électriques sous tension. Ne retirez jamais le capot de protection vous-même. Contactez notre plombier local agréé via WhatsApp au +34 666 70 19 80."
water:water_boiler_preventive_lbl,"Preemptive Isolation:","Aislamiento preventivo:","Preventieve isolatie:","Isolement préventif :"
water:water_boiler_preventive_text,"Always switch off or unplug your electric boiler at the consumer unit as soon as a water cut is noticed.","Apaga o desenchufa siempre la caldera eléctrica en el cuadro eléctrico en cuanto detectes un corte de agua.","Schakel uw elektrische boiler altijd uit of trek de stekker uit de stoppenkast zodra u merkt dat de watertoevoer is onderbroken.","Veillez à toujours couper l&#x27;alimentation ou à débrancher votre chauffe-eau électrique au niveau du tableau électrique dès que vous constatez une coupure d&#x27;eau."
water:water_boiler_reset_lbl,"Thermal Cut-out Reset:","Reinicio del interruptor térmico:","Resetten van de thermische beveiliging:","Réinitialisation du disjoncteur thermique :"
water:water_boiler_reset_text,"If your boiler fails to heat after service is restored but shows no physical leaks, do not replace the unit. In most cases, the internal thermal safety switch has tripped. A manual red reset button is positioned behind the lower cover plate.","Si la caldera no calienta una vez restablecido el suministro, pero no presenta fugas visibles, no sustituya la unidad. En la mayoría de los casos, se ha activado el interruptor térmico de seguridad interno. Detrás de la placa de cubierta inferior hay un botón rojo de reinicio manual.","Als uw ketel na het herstel van de stroomtoevoer geen warmte meer produceert, maar er geen zichtbare lekken zijn, vervang het apparaat dan niet. In de meeste gevallen is de interne thermische veiligheidsschakelaar in werking getreden. Achter de onderste afdekplaat bevindt zich een rode knop waarmee u de schakelaar handmatig kunt resetten.","Si votre chaudière ne chauffe pas une fois le courant rétabli, mais ne présente aucune fuite visible, ne remplacez pas l&#x27;appareil. Dans la plupart des cas, c&#x27;est le disjoncteur thermique interne qui s&#x27;est déclenché. Un bouton rouge de réinitialisation manuelle se trouve derrière le capot inférieur."
water:water_boiler_risk_lbl,"Never draw hot water during an outage:","Nunca se debe abrir el grifo del agua caliente durante un corte de suministro:","Trek tijdens een stroomstoring nooit warm water:","Ne faites jamais couler d’eau chaude en cas de coupure d’électricité :"
water:water_boiler_risk_text,"Attempting to use hot water while the mains supply is cut drains the water tank, exposing heating elements to dry-firing and severe thermal damage.","Si se intenta utilizar agua caliente mientras el suministro de la red está cortado, se vacía el depósito de agua, lo que expone a las resistencias a un funcionamiento en seco y a graves daños térmicos.","Als u probeert warm water te gebruiken terwijl de watertoevoer is afgesloten, loopt de watertank leeg, waardoor de verwarmingselementen droog kunnen gaan draaien en ernstige thermische schade kunnen oplopen.","Tenter d&#x27;utiliser de l&#x27;eau chaude alors que l&#x27;alimentation en eau est coupée vide le réservoir, ce qui expose les éléments chauffants à un fonctionnement à sec et à de graves dommages thermiques."
water:water_critical_warning,"CRITICAL WARNING FOR ELECTRIC WATER HEATERS (BOILERS)","ADVERTENCIA IMPORTANTE SOBRE LOS CALENTADORES DE AGUA ELÉCTRICOS (CALDERAS)","BELANGRIJKE WAARSCHUWING VOOR ELEKTRISCHE BOILERS","AVERTISSEMENT IMPORTANT CONCERNANT LES CHAUFFE-EAU ÉLECTRIQUES (CHAUDIÈRES)"
water:water_emergency_intro,"If a leak is detected, locate the specific zone below and execute the corresponding isolation steps immediately:","Si se detecta una fuga, localice la zona concreta que se indica a continuación y aplique inmediatamente las medidas de aislamiento correspondientes:","Als er een lek wordt gedetecteerd, zoek dan de betreffende zone hieronder op en voer onmiddellijk de bijbehorende afsluitmaatregelen uit:","Si une fuite est détectée, identifiez la zone concernée ci-dessous et appliquez immédiatement les mesures d&#x27;isolement correspondantes :"
water:water_emergency_title,"3. Emergency Leak Isolation Protocols","3. Protocolos de aislamiento de fugas en caso de emergencia","3. Protocollen voor het afsluiten van lekken in noodsituaties","3. Protocoles d&#x27;isolation d&#x27;urgence en cas de fuite"
water:water_gallery_title,"Visual Component Reference","Referencia de componentes visuales","Referentie voor visuele componenten","Référence des composants visuels"
water:water_leak_apartment_text,"First, shut off the internal stopcock located directly inside the property (typically inside the boiler cupboard; see Photo 6). If that valve is inaccessible or fails to stem the flow, go to the main entrance cabinet (Photo 1), unlock it using the key safe, and close your apartment's designated individual stopcock labelled 1A to 4D (Photo 4).","En primer lugar, cierra la llave de paso interna situada justo dentro de la vivienda (normalmente dentro del armario de la caldera; véase la foto 6). Si no se puede acceder a esa válvula o no consigue detener el flujo, diríjase a la caja de la entrada principal (foto 1), ábrala con la caja de llaves y cierre la llave de paso individual asignada a su piso, etiquetada del 1A al 4D (foto 4).","Sluit eerst de interne afsluitkraan af die zich direct in de woning bevindt (meestal in de stookkast; zie foto 6). Als die afsluitkraan niet bereikbaar is of de watertoevoer niet afsluit, ga dan naar de hoofdmeterkast (foto 1), ontgrendel deze met behulp van het sleutelkastje en sluit de voor uw appartement bestemde individuele afsluitkraan met het label 1A tot en met 4D (foto 4).","Commencez par fermer le robinet d&#x27;arrêt intérieur situé directement à l&#x27;intérieur du logement (généralement dans le placard de la chaudière ; voir photo 6). Si ce robinet est inaccessible ou ne parvient pas à couper l&#x27;arrivée d&#x27;eau, rendez-vous au coffret d&#x27;entrée principal (photo 1), déverrouillez-le à l&#x27;aide du coffret à clés, puis fermez le robinet d&#x27;arrêt individuel de votre appartement, numéroté de 1A à 4D (photo 4)."
water:water_leak_apartment_title,"A) Leak INSIDE an Apartment","A) Fuga DENTRO de un piso","A) Lekkage BINNEN een appartement","A) Fuite À L&#x27;INTÉRIEUR d&#x27;un appartement"
water:water_leak_general_text,"To isolate the entire building during a catastrophic main line failure, unlock the main water cabinet at the entrance (Photo 2) and completely close the primary blue shut-off valve located at the bottom-left (highlighted in Photo 2 and detailed in Photo 3).","Para aislar todo el edificio en caso de avería catastrófica en la tubería principal, abre el armario de agua principal situado en la entrada (Foto 2) y cierra completamente la válvula de cierre principal azul situada en la parte inferior izquierda (resaltada en la Foto 2 y detallada en la Foto 3).","Om het gehele gebouw af te sluiten bij een ernstige storing in de hoofdleiding, ontgrendelt u de hoofdwaterkast bij de ingang (foto 2) en sluit u de primaire blauwe afsluitklep linksonder volledig af (gemarkeerd op foto 2 en gedetailleerd weergegeven op foto 3).","Pour isoler l&#x27;ensemble du bâtiment en cas de défaillance catastrophique de la conduite principale, déverrouillez l&#x27;armoire d&#x27;alimentation en eau située à l&#x27;entrée (photo 2) et fermez complètement la vanne d&#x27;arrêt principale bleue située en bas à gauche (mise en évidence sur la photo 2 et détaillée sur la photo 3)."
water:water_leak_general_title,"C) Major General Building Leak","C) Gotera en el edificio del general de división","C) Lekkage in het Major General-gebouw","C) Fuite dans le bâtiment « Major General »"
water:water_leak_inside_text,"Access the main water cabinet at the entrance using the key safe. Locate and close the stopcock labelled '14 LOCAL' to isolate the common area supply (Photo 5).
            Note: For pool-related leaks, close the unlabelled pool supply valve situated at the bottom right of the cabinet (Photo 7).","Accede al armario principal de agua situado en la entrada utilizando la caja de seguridad para llaves. Localiza y cierra la llave de paso etiquetada como «14 LOCAL» para aislar el suministro de las zonas comunes (Foto 5).
            Nota: En caso de fugas relacionadas con la piscina, cierra la válvula de suministro de la piscina sin etiquetar situada en la parte inferior derecha del armario (Foto 7).","Open de hoofdwaterkast bij de ingang met behulp van het sleutelkastje. Zoek de afsluitkraan met het opschrift ‘14 LOCAL’ en sluit deze om de watertoevoer naar de gemeenschappelijke ruimtes af te sluiten (foto 5).
            Opmerking: Bij lekkages in verband met het zwembad sluit u de ongemerkte toevoerkraan voor het zwembad, die zich rechtsonder in de kast bevindt (foto 7).","Accédez à l&#x27;armoire principale d&#x27;alimentation en eau située à l&#x27;entrée à l&#x27;aide du coffret à clés. Repérez et fermez le robinet d&#x27;arrêt portant la mention « 14 LOCAL » afin de couper l&#x27;alimentation des parties communes (photo 5).
            Remarque : en cas de fuite liée à la piscine, fermez la vanne d&#x27;alimentation de la piscine (sans étiquette) située en bas à droite de l&#x27;armoire (photo 7)."
water:water_leak_inside_title,"B) Leak INSIDE Common Building Areas","B) Fugas DENTRO de las zonas comunes del edificio","B) Lekkage IN de gemeenschappelijke ruimtes van het gebouw","B) Fuite À L&#x27;INTÉRIEUR des parties communes de l&#x27;immeuble"
water:water_leak_outside_text,"Never attempt to operate valves on public streets or pavements. Immediately report external infrastructure bursts to the Galasa emergency line on +34 950 39 12 00 and inform building management.","No intente en ningún caso accionar válvulas situadas en la vía pública o en las aceras. Notifique inmediatamente cualquier rotura en las infraestructuras exteriores a la línea de emergencia de Galasa, llamando al +34 950 39 12 00, e informe a la administración del edificio.","Probeer nooit kleppen te bedienen op openbare wegen of trottoirs. Meld breuken in de externe infrastructuur onmiddellijk aan de noodlijn van Galasa op +34 950 39 12 00 en breng het gebouwbeheer op de hoogte.","N&#x27;essayez jamais d&#x27;actionner des vannes situées dans la voie publique ou sur les trottoirs. Signalez immédiatement toute rupture d&#x27;infrastructure extérieure à la ligne d&#x27;urgence de Galasa au +34 950 39 12 00 et prévenez la gérance de l&#x27;immeuble."
water:water_leak_outside_title,"D) Leak OUTSIDE the Building Perimeter","D) Fuga FUERA del perímetro del edificio","D) Lekkage BUITEN de omtrek van het gebouw","D) Fuite À L&#x27;EXTÉRIEUR du périmètre du bâtiment"
water:water_loc_lbl,"Main Water Cabinet:","Armario principal de agua:","Hoofdwaterkast:","Armoire principale d&#x27;alimentation en eau :"
water:water_loc_text,"Located outdoors at the underground garage entrance, left-side housing cabinet.","Situado en el exterior, en la entrada del aparcamiento subterráneo, en el armario del lado izquierdo.","Bevindt zich buiten bij de ingang van de ondergrondse parkeergarage, in de behuizing aan de linkerkant.","Situé à l&#x27;extérieur, à l&#x27;entrée du parking souterrain, armoire de raccordement côté gauche."
water:water_meters_lbl,"Meter Configuration:","Configuración del contador:","Configuratie van de meter:","Configuration du compteur :"
water:water_meters_text,"15 analogue mechanical meters in total (13 for individual apartments labelled 1A to 4D, 1 for common areas labelled '14 LOCAL', and 1 unlabelled for the swimming pool).","Un total de 15 contadores mecánicos analógicos (13 para los pisos individuales, etiquetados del 1A al 4D; 1 para las zonas comunes, etiquetado como «14 LOCAL»; y 1 sin etiquetar para la piscina).","In totaal 15 analoge mechanische meters (13 voor de afzonderlijke appartementen, genummerd 1A tot en met 4D, 1 voor de gemeenschappelijke ruimtes, genummerd &#x27;14 LOCAL&#x27;, en 1 zonder nummer voor het zwembad).","15 compteurs mécaniques analogiques au total (13 pour les appartements individuels numérotés de 1A à 4D, 1 pour les parties communes portant la mention « 14 LOCAL » et 1 sans indication pour la piscine)."
water:water_page_subtitle,"Essential details regarding utility providers, infrastructure specifications, emergency shut-off protocols, and electric boiler protection.","Datos esenciales sobre los proveedores de servicios públicos, las especificaciones de las infraestructuras, los protocolos de corte de emergencia y la protección de las calderas eléctricas.","Essentiële informatie over nutsbedrijven, infrastructuurspecificaties, protocollen voor nooduitschakeling en beveiliging van elektrische ketels.","Informations essentielles concernant les fournisseurs de services publics, les caractéristiques techniques des infrastructures, les procédures de coupure d&#x27;urgence et la protection des chaudières électriques."
water:water_photo_1,"Main Water Cabinet Location (Underground garage entrance, left-side exterior wall).","Ubicación de la caja de agua principal (entrada del garaje subterráneo, pared exterior del lado izquierdo).","Locatie van de hoofdwaterkast (ingang ondergrondse garage, buitenmuur aan de linkerkant).","Emplacement du compteur d&#x27;eau principal (entrée du garage souterrain, mur extérieur gauche)."
water:water_photo_2,"Primary Valve System: Interior view of the main entrance utility cabinet.","Sistema de válvulas principal: Vista interior del armario de servicios de la entrada principal.","Hoofdklepsysteem: Binnenaanzicht van de technische kast bij de hoofdingang.","Système de vannes principal : vue intérieure de l&#x27;armoire technique de l&#x27;entrée principale."
water:water_photo_3,"Main Blue Valve: Primary shut-off lever designated for general building leaks.","Válvula azul principal: Palanca de cierre principal destinada a las fugas generales del edificio.","Hoofdklep (blauw): Primaire afsluithefboom, bedoeld voor algemene lekkages in het gebouw.","Vanne bleue principale : levier d&#x27;arrêt principal destiné à intervenir en cas de fuites générales dans le bâtiment."
water:water_photo_4,"Individual Meters & Stopcocks: Labelled clearly for apartments 1A through 4D.","Contadores individuales y llaves de paso: claramente identificados para los apartamentos del 1A al 4D.","Individuele meters en afsluitkranen: Duidelijk gelabeld voor appartementen 1A tot en met 4D.","Compteurs individuels et robinets d&#x27;arrêt : clairement identifiés pour les appartements 1A à 4D."
water:water_photo_5,"Common Area Supply: Meter and stopcock assembly labelled '14 LOCAL'.","Suministro de las zonas comunes: Conjunto de contador y llave de paso con la etiqueta «14 LOCAL».","Voorziening voor gemeenschappelijke ruimtes: Meter- en afsluitkraanconstructie met het opschrift ‘14 LOCAL’.","Alimentation des parties communes : ensemble compteur et robinet d&#x27;arrêt portant la mention « 14 LOCAL »."
water:water_photo_6,"Internal Stopcock: Individual apartment isolation valve located inside the boiler cupboard.","Llave de paso interna: válvula de aislamiento de cada vivienda situada en el interior del armario de la caldera.","Interne afsluitkraan: Afsluitkraan voor afzonderlijke appartementen, gelegen in de ketelkast.","Robinet d&#x27;arrêt interne : robinet d&#x27;arrêt individuel de l&#x27;appartement, situé à l&#x27;intérieur du placard de la chaudière."
water:water_photo_7,"Swimming Pool Supply: Unlabelled pool control valve situated at the bottom-right.","Suministros para piscinas: Válvula de control de la piscina sin etiquetar situada en la parte inferior derecha.","Zwembadbenodigdheden: Ongemarkeerde regelklep voor het zwembad, rechtsonder.","Matériel de piscine : vanne de régulation de piscine non identifiée, située en bas à droite."
water:water_photo_lbl_1,"Photo 1:","Foto 1:","Foto 1:","Photo 1 :"
water:water_photo_lbl_2,"Photo 2:","Foto 2:","Foto 2:","Photo 2 :"
water:water_photo_lbl_3,"Photo 3:","Foto 3:","Foto 3:","Photo 3 :"
water:water_photo_lbl_4,"Photo 4:","Foto 4:","Foto 4:","Photo 4 :"
water:water_photo_lbl_5,"Photo 5:","Foto 5:","Foto 5:","Photo 5 :"
water:water_photo_lbl_6,"Photo 6:","Foto 6:","Foto 6:","Photo n° 6 :"
water:water_photo_lbl_7,"Photo 7:","Foto 7:","Foto 7:","Photo 7 :"
water:water_plumber_hours,"Closed on weekends","Cerrado los fines de semana","In het weekend gesloten","Fermé le week-end"
water:water_plumber_section_title,"Local Plumbing Support","Asistencia local en fontanería","Lokale hulp bij loodgieterswerk","Assistance locale en plomberie"
water:water_pressure_lbl,"Pressure System:","Sistema de presión:","Druksysteem:","Système de pression :"
water:water_pressure_text,"Main pressure regulation assembly installed adjacent to the meter cluster.","Conjunto de regulación de presión principal instalado junto al panel de contadores.","De hoofddrukregelunit is naast het meterpaneel gemonteerd.","Ensemble de régulation de la pression principale installé à proximité du bloc de compteurs."
water:water_provider_intro,"Key contacts for water supply management, infrastructure faults, and local plumbing assistance in Palomares.","Contactos clave para la gestión del suministro de agua, averías en las infraestructuras y asistencia local en fontanería en Palomares.","Belangrijke contactpersonen voor het beheer van de watervoorziening, storingen aan de infrastructuur en hulp bij loodgieterswerkzaamheden in Palomares.","Contacts clés pour la gestion de l&#x27;approvisionnement en eau, les pannes d&#x27;infrastructure et l&#x27;assistance en plomberie à Palomares."
water:water_provider_title,"1. Utility Provider & Emergency Contacts","1. Proveedores de servicios públicos y contactos de emergencia","1. Nutsbedrijven en contactpersonen voor noodgevallen","1. Fournisseurs de services publics et contacts en cas d&#x27;urgence"
water:water_reading_lbl,"Meter Readings:","Lecturas de contadores:","Meterstanden:","Relevés des compteurs :"
water:water_reading_text,"All meters are analogue with no remote telemetry. A Galasa technician physically inspects the cabinet on-site prior to billing cycles.","Todos los contadores son analógicos y no disponen de telemetría remota. Un técnico de Galasa inspecciona físicamente la caja de contadores in situ antes de cada ciclo de facturación.","Alle meters zijn analoog en beschikken niet over telemetrie op afstand. Een technicus van Galasa inspecteert de meterkast ter plaatse vóór het begin van de factureringscyclus.","Tous les compteurs sont analogiques et ne disposent pas de système de télémétrie à distance. Un technicien de Galasa procède à une inspection physique de l&#x27;armoire sur place avant chaque cycle de facturation."
water:water_shutdown_intro,"Due to ageing infrastructure in Palomares, temporary water service interruptions occur periodically (lasting between 1 and 12 hours). Check active notices at www.galasa.es/interrupciones-suministro.","Debido al deterioro de las infraestructuras de Palomares, se producen periódicamente cortes temporales en el suministro de agua (con una duración de entre 1 y 12 horas). Consulte los avisos vigentes en www.galasa.es/interrupciones-suministro.","Vanwege de verouderde infrastructuur in Palomares komen er regelmatig tijdelijke onderbrekingen in de watervoorziening voor (die tussen de 1 en 12 uur duren). Bekijk de actuele mededelingen op www.galasa.es/interrupciones-suministro.","En raison du vieillissement des infrastructures à Palomares, des coupures temporaires d&#x27;eau surviennent périodiquement (d&#x27;une durée comprise entre 1 et 12 heures). Consultez les avis en cours sur www.galasa.es/interrupciones-suministro."
water:water_shutdown_title,"4. Main Water Shutdowns & Boiler Protection","4. Cortes generales de agua y protección de la caldera","4. Hoofdwaterafsluitingen en ketelbeveiliging","4. Coupures d&#x27;eau principales et protection des chaudières"
water:water_specs_title,"2. Infrastructure Specifications & Metering","2. Especificaciones de infraestructura y medición","2. Specificaties van de infrastructuur en metingen","2. Spécifications techniques des infrastructures et comptage"
water:water_taps_lbl,"Outdoor Taps:","Grifos para exteriores:","Buitenkranen:","Robinets d&#x27;extérieur :"
water:water_taps_text,"The 7 outdoor taps across the complex are strictly reserved for common area maintenance and gardening. Private use is prohibited.","Los 7 grifos exteriores repartidos por todo el complejo están reservados exclusivamente para el mantenimiento de las zonas comunes y la jardinería. Queda prohibido su uso privado.","De 7 buitenkranen verspreid over het complex zijn uitsluitend bestemd voor het onderhoud van de gemeenschappelijke ruimtes en voor tuinwerkzaamheden. Privégebruik is verboden.","Les 7 robinets extérieurs répartis dans le complexe sont strictement réservés à l&#x27;entretien des parties communes et au jardinage. Leur utilisation à des fins privées est interdite."
water:water_title,"Water Supply & Emergency Guide","Guía sobre el suministro de agua y situaciones de emergencia","Gids voor watervoorziening en noodsituaties","Guide sur l&#x27;approvisionnement en eau et les situations d&#x27;urgence"
water:water_valve_lbl,"Main Shut-off Valve:","Válvula de cierre principal:","Hoofdafsluitklep:","Vanne d&#x27;arrêt principale :"
water:water_valve_text,"The primary blue handle located at the bottom-left inside the main entrance cabinet.","El tirador azul principal situado en la parte inferior izquierda, dentro del armario de la entrada principal.","De primaire blauwe hendel linksonder in de hoofdkast bij de ingang.","La poignée bleue principale située en bas à gauche, à l&#x27;intérieur de l&#x27;armoire de l&#x27;entrée principale."